,Taken from: https://afltables.com/afl/seas/ladders/laddersyby.html,Unnamed: 1,Unnamed: 2,Unnamed: 3,Unnamed: 4,Unnamed: 5,Unnamed: 6,Unnamed: 7,Unnamed: 8,Unnamed: 9,Unnamed: 10,Unnamed: 11,Unnamed: 12,Unnamed: 13,Unnamed: 14,Unnamed: 15,Unnamed: 16,Unnamed: 17,Unnamed: 18,Unnamed: 19,Unnamed: 20,Unnamed: 21,Unnamed: 22,Unnamed: 23,Unnamed: 24
0,2018 Ladder Positions (18 teams),,,,,,,,,,,,,,,,,,,,,,,,
1,Team,1,2.0,3.0,4.0,5.0,6.0,7.0,8.0,9.0,10.0,11.0,12.0,13.0,14.0,15.0,16.0,17.0,18.0,19.0,20.0,21.0,22.0,23.0,
2,Richmond,7,12.0,9.0,3.0,1.0,1.0,1.0,1.0,2.0,2.0,2.0,2.0,1.0,1.0,1.0,1.0,1.0,1.0,1.0,1.0,1.0,1.0,1.0,
3,*West Coast,14,8.0,5.0,2.0,2.0,2.0,2.0,2.0,1.0,1.0,1.0,1.0,2.0,3.0,3.0,3.0,2.0,2.0,2.0,2.0,2.0,2.0,2.0,
4,Collingwood,16,16.0,14.0,10.0,5.0,10.0,9.0,11.0,10.0,8.0,7.0,6.0,6.0,4.0,2.0,2.0,3.0,3.0,3.0,6.0,5.0,3.0,3.0,
5,Hawthorn,3,4.0,8.0,4.0,7.0,4.0,4.0,5.0,9.0,10.0,10.0,11.0,9.0,9.0,10.0,8.0,10.0,8.0,7.0,5.0,4.0,4.0,4.0,
6,Melbourne,10,6.0,4.0,12.0,14.0,12.0,10.0,6.0,3.0,3.0,3.0,5.0,4.0,6.0,7.0,6.0,6.0,7.0,6.0,4.0,7.0,7.0,5.0,
7,Sydney,5,9.0,7.0,6.0,10.0,7.0,8.0,7.0,5.0,4.0,4.0,3.0,3.0,2.0,4.0,5.0,4.0,4.0,9.0,8.0,6.0,5.0,6.0,
8,Greater Western Sydney,1,1.0,2.0,1.0,3.0,3.0,5.0,9.0,11.0,11.0,11.0,9.0,10.0,10.0,6.0,10.0,7.0,6.0,5.0,3.0,3.0,6.0,7.0,
9,Geelong,9,10.0,12.0,8.0,6.0,9.0,6.0,3.0,8.0,6.0,5.0,4.0,5.0,7.0,8.0,7.0,8.0,9.0,8.0,9.0,9.0,8.0,8.0,
10,North Melbourne,15,5.0,11.0,7.0,4.0,8.0,7.0,10.0,7.0,5.0,6.0,7.0,8.0,8.0,9.0,9.0,9.0,10.0,10.0,10.0,10.0,10.0,9.0,
11,Port Adelaide,2,2.0,1.0,5.0,9.0,6.0,11.0,8.0,6.0,9.0,8.0,8.0,7.0,5.0,5.0,4.0,5.0,5.0,4.0,7.0,8.0,9.0,10.0,
12,Essendon,8,11.0,13.0,11.0,13.0,14.0,15.0,15.0,14.0,12.0,12.0,12.0,13.0,12.0,12.0,12.0,12.0,11.0,11.0,11.0,11.0,11.0,11.0,
13,Adelaide,11,7.0,3.0,9.0,8.0,5.0,3.0,4.0,4.0,7.0,9.0,10.0,11.0,11.0,11.0,11.0,11.0,12.0,12.0,12.0,12.0,12.0,12.0,
14,Western Bulldogs,18,18.0,16.0,15.0,16.0,15.0,14.0,13.0,13.0,14.0,14.0,14.0,14.0,14.0,14.0,14.0,14.0,14.0,14.0,14.0,14.0,13.0,13.0,
15,Fremantle,17,14.0,10.0,13.0,11.0,11.0,12.0,12.0,12.0,13.0,13.0,13.0,12.0,13.0,13.0,13.0,13.0,13.0,13.0,13.0,13.0,14.0,14.0,
16,Brisbane Lions,13,15.0,17.0,17.0,17.0,17.0,17.0,18.0,17.0,17.0,17.0,17.0,17.0,17.0,17.0,16.0,16.0,16.0,16.0,16.0,16.0,15.0,15.0,
17,St Kilda,6,13.0,15.0,16.0,15.0,16.0,16.0,16.0,16.0,16.0,16.0,16.0,16.0,16.0,15.0,15.0,15.0,15.0,15.0,15.0,15.0,16.0,16.0,
18,Gold Coast,4,3.0,6.0,14.0,12.0,13.0,13.0,14.0,15.0,15.0,15.0,15.0,15.0,15.0,16.0,17.0,17.0,17.0,17.0,17.0,17.0,17.0,17.0,
19,Carlton,12,17.0,18.0,18.0,18.0,18.0,18.0,17.0,18.0,18.0,18.0,18.0,18.0,18.0,18.0,18.0,18.0,18.0,18.0,18.0,18.0,18.0,18.0,
20,[Top],,,,,,,,,,,,,,,,,,,,,,,,
21,2017 Ladder Positions (18 teams),,,,,,,,,,,,,,,,,,,,,,,,
22,Team,1,2.0,3.0,4.0,5.0,6.0,7.0,8.0,9.0,10.0,11.0,12.0,13.0,14.0,15.0,16.0,17.0,18.0,19.0,20.0,21.0,22.0,23.0,
23,Adelaide,1,2.0,1.0,2.0,1.0,1.0,1.0,1.0,1.0,1.0,2.0,1.0,1.0,2.0,2.0,1.0,1.0,1.0,1.0,1.0,1.0,1.0,1.0,
24,Geelong,2,7.0,3.0,1.0,2.0,3.0,3.0,5.0,3.0,3.0,3.0,3.0,3.0,3.0,3.0,3.0,2.0,2.0,2.0,4.0,3.0,3.0,2.0,
25,*Richmond,3,3.0,2.0,3.0,3.0,4.0,6.0,7.0,7.0,5.0,4.0,4.0,6.0,6.0,4.0,6.0,5.0,4.0,4.0,3.0,4.0,4.0,3.0,
26,Greater Western Sydney,18,9.0,5.0,4.0,4.0,2.0,2.0,2.0,2.0,2.0,1.0,2.0,2.0,1.0,1.0,2.0,3.0,3.0,3.0,2.0,2.0,2.0,4.0,
27,Port Adelaide,5,1.0,4.0,7.0,6.0,5.0,7.0,4.0,6.0,8.0,5.0,5.0,4.0,4.0,5.0,4.0,4.0,5.0,5.0,5.0,6.0,5.0,5.0,
28,Sydney,14,15.0,16.0,16.0,18.0,18.0,17.0,15.0,12.0,15.0,16.0,14.0,12.0,10.0,9.0,8.0,6.0,6.0,6.0,6.0,5.0,6.0,6.0,
29,Essendon,7,6.0,7.0,11.0,8.0,10.0,12.0,11.0,10.0,11.0,12.0,7.0,8.0,11.0,11.0,10.0,10.0,8.0,10.0,8.0,10.0,8.0,7.0,
30,West Coast,4,5.0,6.0,5.0,7.0,6.0,4.0,3.0,4.0,6.0,7.0,9.0,7.0,7.0,7.0,9.0,8.0,9.0,8.0,9.0,8.0,9.0,8.0,
31,Melbourne,6,4.0,8.0,8.0,10.0,8.0,10.0,10.0,11.0,9.0,9.0,6.0,5.0,5.0,6.0,5.0,7.0,7.0,7.0,10.0,7.0,7.0,9.0,
32,Western Bulldogs,8,8.0,9.0,6.0,5.0,7.0,5.0,8.0,8.0,4.0,6.0,8.0,9.0,9.0,10.0,11.0,11.0,10.0,9.0,7.0,9.0,11.0,10.0,
33,St Kilda,13,13.0,10.0,10.0,11.0,9.0,8.0,6.0,9.0,10.0,11.0,12.0,10.0,8.0,8.0,7.0,9.0,11.0,11.0,11.0,11.0,10.0,11.0,
34,Hawthorn,12,14.0,18.0,18.0,15.0,17.0,16.0,14.0,17.0,14.0,15.0,17.0,17.0,16.0,13.0,13.0,13.0,12.0,12.0,13.0,12.0,12.0,12.0,
35,Collingwood,11,11.0,12.0,13.0,13.0,12.0,15.0,17.0,13.0,12.0,10.0,11.0,13.0,13.0,15.0,15.0,14.0,13.0,13.0,12.0,13.0,13.0,13.0,
36,Fremantle,17,18.0,15.0,12.0,9.0,11.0,9.0,9.0,5.0,7.0,8.0,10.0,11.0,12.0,14.0,12.0,12.0,14.0,14.0,14.0,14.0,14.0,14.0,
37,North Melbourne,15,12.0,17.0,17.0,17.0,15.0,14.0,16.0,14.0,13.0,13.0,15.0,16.0,17.0,17.0,17.0,17.0,17.0,16.0,16.0,16.0,17.0,15.0,
38,Carlton,16,16.0,14.0,14.0,16.0,14.0,13.0,13.0,16.0,17.0,17.0,16.0,15.0,15.0,16.0,16.0,16.0,16.0,17.0,17.0,17.0,15.0,16.0,
39,Gold Coast,10,17.0,11.0,9.0,12.0,13.0,11.0,12.0,15.0,16.0,14.0,13.0,14.0,14.0,12.0,14.0,15.0,15.0,15.0,15.0,15.0,16.0,17.0,
40,Brisbane Lions,9,10.0,13.0,15.0,14.0,16.0,18.0,18.0,18.0,18.0,18.0,18.0,18.0,18.0,18.0,18.0,18.0,18.0,18.0,18.0,18.0,18.0,18.0,
41,[Top],,,,,,,,,,,,,,,,,,,,,,,,
42,2016 Ladder Positions (18 teams),,,,,,,,,,,,,,,,,,,,,,,,
43,Team,1,2.0,3.0,4.0,5.0,6.0,7.0,8.0,9.0,10.0,11.0,12.0,13.0,14.0,15.0,16.0,17.0,18.0,19.0,20.0,21.0,22.0,23.0,
44,Sydney,2,2.0,1.0,3.0,3.0,3.0,3.0,4.0,4.0,2.0,2.0,3.0,2.0,2.0,4.0,2.0,5.0,3.0,3.0,2.0,2.0,1.0,1.0,
45,Geelong,5,6.0,5.0,4.0,4.0,2.0,2.0,2.0,2.0,3.0,3.0,2.0,1.0,3.0,2.0,6.0,7.0,4.0,4.0,5.0,4.0,3.0,2.0,
46,Hawthorn,14,7.0,9.0,8.0,5.0,8.0,6.0,6.0,7.0,7.0,5.0,5.0,4.0,1.0,1.0,1.0,1.0,1.0,1.0,1.0,1.0,4.0,3.0,
47,Greater Western Sydney,10,9.0,11.0,9.0,6.0,5.0,5.0,3.0,3.0,4.0,6.0,6.0,5.0,4.0,3.0,7.0,4.0,2.0,2.0,4.0,5.0,5.0,4.0,
48,Adelaide,11,5.0,6.0,7.0,9.0,7.0,8.0,8.0,8.0,8.0,8.0,7.0,8.0,6.0,5.0,3.0,2.0,6.0,5.0,3.0,3.0,2.0,5.0,
49,West Coast,4,8.0,7.0,6.0,8.0,6.0,7.0,7.0,6.0,5.0,7.0,8.0,7.0,8.0,8.0,5.0,6.0,5.0,6.0,6.0,6.0,6.0,6.0,
50,*Western Bulldogs,1,1.0,4.0,2.0,2.0,4.0,4.0,5.0,5.0,6.0,4.0,4.0,6.0,7.0,6.0,4.0,3.0,7.0,7.0,7.0,7.0,7.0,7.0,
51,North Melbourne,8,4.0,3.0,1.0,1.0,1.0,1.0,1.0,1.0,1.0,1.0,1.0,3.0,5.0,7.0,8.0,8.0,8.0,8.0,8.0,8.0,8.0,8.0,
52,St Kilda,13,18.0,13.0,12.0,13.0,12.0,13.0,14.0,13.0,13.0,13.0,12.0,12.0,12.0,13.0,12.0,10.0,9.0,10.0,9.0,10.0,9.0,9.0,
53,Port Adelaide,6,12.0,8.0,11.0,12.0,11.0,10.0,10.0,10.0,10.0,9.0,9.0,9.0,9.0,9.0,9.0,9.0,10.0,9.0,10.0,11.0,11.0,10.0,
54,Melbourne,9,11.0,10.0,10.0,10.0,9.0,9.0,9.0,9.0,9.0,11.0,10.0,10.0,10.0,10.0,10.0,11.0,11.0,11.0,11.0,9.0,10.0,11.0,
55,Collingwood,17,14.0,14.0,15.0,11.0,13.0,14.0,12.0,11.0,12.0,12.0,14.0,14.0,14.0,11.0,11.0,12.0,12.0,12.0,12.0,12.0,12.0,12.0,
56,Richmond,7,10.0,12.0,13.0,14.0,15.0,15.0,15.0,14.0,14.0,14.0,13.0,13.0,11.0,12.0,13.0,13.0,13.0,13.0,13.0,13.0,13.0,13.0,
57,Carlton,12,15.0,17.0,18.0,15.0,14.0,12.0,11.0,12.0,11.0,10.0,11.0,11.0,13.0,14.0,14.0,14.0,14.0,15.0,15.0,15.0,14.0,14.0,
58,Gold Coast,3,3.0,2.0,5.0,7.0,10.0,11.0,13.0,15.0,15.0,15.0,15.0,16.0,16.0,15.0,15.0,15.0,15.0,14.0,14.0,14.0,15.0,15.0,
59,Fremantle,18,17.0,16.0,17.0,18.0,18.0,18.0,18.0,18.0,18.0,16.0,16.0,15.0,15.0,16.0,16.0,16.0,16.0,16.0,16.0,16.0,16.0,16.0,
60,Brisbane Lions,15,16.0,18.0,14.0,16.0,16.0,16.0,16.0,16.0,16.0,17.0,17.0,17.0,17.0,17.0,17.0,17.0,17.0,17.0,17.0,17.0,17.0,17.0,
61,Essendon,16,13.0,15.0,16.0,17.0,17.0,17.0,17.0,17.0,17.0,18.0,18.0,18.0,18.0,18.0,18.0,18.0,18.0,18.0,18.0,18.0,18.0,18.0,
62,[Top],,,,,,,,,,,,,,,,,,,,,,,,
63,2015 Ladder Positions (18 teams),,,,,,,,,,,,,,,,,,,,,,,,
64,Team,1,2.0,3.0,4.0,5.0,6.0,7.0,8.0,9.0,10.0,11.0,12.0,13.0,14.0,15.0,16.0,17.0,18.0,19.0,20.0,21.0,22.0,23.0,
65,Fremantle,9,4.0,3.0,1.0,1.0,1.0,1.0,1.0,1.0,1.0,1.0,1.0,1.0,1.0,1.0,1.0,1.0,1.0,1.0,1.0,1.0,1.0,1.0,
66,West Coast,11,7.0,10.0,8.0,5.0,2.0,2.0,2.0,2.0,3.0,3.0,2.0,2.0,2.0,2.0,2.0,2.0,2.0,2.0,2.0,2.0,2.0,2.0,
67,*Hawthorn,2,6.0,4.0,7.0,4.0,8.0,6.0,7.0,6.0,6.0,6.0,5.0,4.0,4.0,4.0,3.0,3.0,3.0,3.0,3.0,3.0,3.0,3.0,
68,Sydney,5,2.0,2.0,4.0,6.0,4.0,3.0,3.0,3.0,2.0,2.0,3.0,3.0,3.0,3.0,4.0,4.0,4.0,5.0,5.0,4.0,4.0,4.0,
69,Richmond,3,9.0,5.0,9.0,11.0,13.0,10.0,8.0,8.0,8.0,8.0,8.0,6.0,6.0,5.0,5.0,5.0,6.0,7.0,6.0,5.0,5.0,5.0,
70,Western Bulldogs,8,5.0,9.0,6.0,3.0,7.0,8.0,11.0,9.0,11.0,11.0,9.0,8.0,7.0,6.0,6.0,6.0,5.0,4.0,4.0,6.0,6.0,6.0,
71,Adelaide,1,1.0,1.0,5.0,7.0,5.0,4.0,6.0,7.0,7.0,7.0,7.0,7.0,8.0,9.0,8.0,7.0,9.0,9.0,8.0,8.0,7.0,7.0,
72,North Melbourne,18,10.0,11.0,10.0,12.0,9.0,9.0,12.0,13.0,12.0,12.0,11.0,11.0,11.0,10.0,10.0,8.0,7.0,6.0,7.0,7.0,8.0,8.0,
73,Port Adelaide,10,15.0,13.0,13.0,10.0,10.0,12.0,13.0,11.0,9.0,10.0,12.0,12.0,12.0,12.0,12.0,12.0,12.0,12.0,12.0,10.0,9.0,9.0,
74,Geelong,17,18.0,15.0,16.0,14.0,12.0,13.0,10.0,12.0,10.0,9.0,10.0,10.0,10.0,11.0,11.0,10.0,8.0,8.0,9.0,9.0,11.0,10.0,
75,Greater Western Sydney,7,3.0,7.0,2.0,8.0,6.0,5.0,4.0,5.0,5.0,5.0,6.0,9.0,9.0,8.0,7.0,9.0,10.0,10.0,10.0,11.0,10.0,11.0,
76,Collingwood,6,12.0,6.0,3.0,2.0,3.0,7.0,5.0,4.0,4.0,4.0,4.0,5.0,5.0,7.0,9.0,11.0,11.0,11.0,11.0,12.0,12.0,12.0,
77,Melbourne,4,13.0,12.0,12.0,13.0,15.0,15.0,14.0,15.0,15.0,15.0,15.0,15.0,15.0,15.0,15.0,15.0,14.0,14.0,14.0,14.0,14.0,13.0,
78,St Kilda,12,8.0,14.0,15.0,16.0,14.0,14.0,15.0,14.0,14.0,14.0,14.0,14.0,13.0,13.0,13.0,13.0,13.0,13.0,13.0,13.0,13.0,14.0,
79,Essendon,14,11.0,8.0,11.0,9.0,11.0,11.0,9.0,10.0,13.0,13.0,13.0,13.0,14.0,14.0,14.0,14.0,15.0,15.0,15.0,15.0,15.0,15.0,
80,Gold Coast,15,14.0,16.0,17.0,15.0,16.0,17.0,17.0,17.0,18.0,17.0,18.0,18.0,17.0,17.0,17.0,17.0,17.0,16.0,16.0,16.0,16.0,16.0,
81,Brisbane Lions,13,17.0,18.0,18.0,18.0,18.0,16.0,16.0,16.0,16.0,16.0,17.0,17.0,18.0,18.0,18.0,18.0,18.0,18.0,17.0,18.0,18.0,17.0,
82,Carlton,16,16.0,17.0,14.0,17.0,17.0,18.0,18.0,18.0,17.0,18.0,16.0,16.0,16.0,16.0,16.0,16.0,16.0,17.0,18.0,17.0,17.0,18.0,
83,[Top],,,,,,,,,,,,,,,,,,,,,,,,
84,2014 Ladder Positions (18 teams),,,,,,,,,,,,,,,,,,,,,,,,
85,Team,1,2.0,3.0,4.0,5.0,6.0,7.0,8.0,9.0,10.0,11.0,12.0,13.0,14.0,15.0,16.0,17.0,18.0,19.0,20.0,21.0,22.0,23.0,
86,Sydney,14,14.0,11.0,13.0,13.0,9.0,7.0,4.0,3.0,5.0,3.0,3.0,3.0,3.0,3.0,1.0,1.0,1.0,2.0,2.0,1.0,1.0,1.0,
87,*Hawthorn,4,5.0,2.0,1.0,3.0,2.0,1.0,2.0,2.0,4.0,2.0,2.0,2.0,2.0,1.0,2.0,3.0,2.0,1.0,1.0,3.0,2.0,2.0,
88,Geelong,6,4.0,3.0,2.0,1.0,3.0,3.0,3.0,4.0,2.0,6.0,5.0,4.0,5.0,5.0,5.0,4.0,3.0,3.0,3.0,2.0,3.0,3.0,
89,Fremantle,1,2.0,7.0,5.0,5.0,8.0,6.0,8.0,6.0,7.0,7.0,6.0,5.0,4.0,4.0,4.0,2.0,4.0,4.0,4.0,4.0,4.0,4.0,
90,Port Adelaide,7,3.0,5.0,3.0,2.0,1.0,2.0,1.0,1.0,1.0,1.0,1.0,1.0,1.0,2.0,3.0,5.0,5.0,5.0,5.0,5.0,5.0,5.0,
91,North Melbourne,16,10.0,10.0,6.0,7.0,5.0,8.0,10.0,7.0,8.0,8.0,7.0,7.0,7.0,7.0,7.0,6.0,6.0,6.0,6.0,6.0,6.0,6.0,
92,Essendon,3,7.0,4.0,7.0,10.0,12.0,10.0,9.0,11.0,11.0,10.0,9.0,9.0,9.0,10.0,10.0,7.0,7.0,7.0,8.0,7.0,7.0,7.0,
93,Richmond,10,9.0,12.0,14.0,11.0,13.0,13.0,15.0,16.0,13.0,13.0,13.0,15.0,16.0,13.0,12.0,12.0,12.0,12.0,12.0,9.0,8.0,8.0,
94,West Coast,2,1.0,1.0,4.0,4.0,7.0,9.0,7.0,9.0,9.0,11.0,11.0,11.0,10.0,11.0,11.0,11.0,11.0,11.0,11.0,12.0,10.0,9.0,
95,Adelaide,13,16.0,17.0,15.0,12.0,10.0,11.0,11.0,10.0,10.0,9.0,10.0,10.0,11.0,9.0,9.0,10.0,8.0,10.0,7.0,8.0,11.0,10.0,
96,Collingwood,18,12.0,13.0,9.0,6.0,4.0,4.0,5.0,8.0,6.0,4.0,4.0,6.0,6.0,6.0,6.0,8.0,9.0,8.0,9.0,10.0,9.0,11.0,
97,Gold Coast,9,11.0,8.0,11.0,8.0,6.0,5.0,6.0,5.0,3.0,5.0,8.0,8.0,8.0,8.0,8.0,9.0,10.0,9.0,10.0,11.0,12.0,12.0,
98,Carlton,12,13.0,15.0,17.0,16.0,16.0,16.0,13.0,13.0,12.0,12.0,12.0,12.0,12.0,14.0,13.0,14.0,13.0,13.0,13.0,13.0,13.0,13.0,
99,Western Bulldogs,17,17.0,14.0,10.0,15.0,15.0,15.0,12.0,12.0,14.0,14.0,14.0,13.0,13.0,12.0,14.0,13.0,14.0,14.0,14.0,14.0,14.0,14.0,
100,Brisbane Lions,15,15.0,16.0,18.0,18.0,18.0,18.0,18.0,18.0,18.0,18.0,16.0,17.0,17.0,17.0,17.0,17.0,15.0,15.0,15.0,15.0,15.0,15.0,
101,Greater Western Sydney,5,8.0,6.0,8.0,14.0,14.0,14.0,16.0,17.0,17.0,17.0,18.0,16.0,14.0,16.0,15.0,15.0,16.0,16.0,17.0,16.0,16.0,16.0,
102,Melbourne,11,18.0,18.0,16.0,17.0,17.0,17.0,17.0,14.0,15.0,15.0,15.0,14.0,15.0,15.0,16.0,16.0,17.0,17.0,16.0,17.0,17.0,17.0,
103,St Kilda,8,6.0,9.0,12.0,9.0,11.0,12.0,14.0,15.0,16.0,16.0,17.0,18.0,18.0,18.0,18.0,18.0,18.0,18.0,18.0,18.0,18.0,18.0,
104,[Top],,,,,,,,,,,,,,,,,,,,,,,,
105,2013 Ladder Positions (18 teams),,,,,,,,,,,,,,,,,,,,,,,,
106,Team,1,2.0,3.0,4.0,5.0,6.0,7.0,8.0,9.0,10.0,11.0,12.0,13.0,14.0,15.0,16.0,17.0,18.0,19.0,20.0,21.0,22.0,23.0,
107,*Hawthorn,11,9.0,6.0,4.0,4.0,5.0,3.0,1.0,1.0,1.0,2.0,1.0,1.0,1.0,1.0,1.0,1.0,1.0,1.0,1.0,1.0,1.0,1.0,
108,Geelong,8,7.0,5.0,3.0,3.0,2.0,1.0,2.0,2.0,2.0,1.0,2.0,2.0,2.0,2.0,2.0,3.0,2.0,3.0,2.0,2.0,2.0,2.0,
109,Fremantle,5,4.0,7.0,9.0,7.0,6.0,6.0,5.0,4.0,4.0,5.0,5.0,3.0,5.0,5.0,5.0,5.0,5.0,4.0,4.0,4.0,3.0,3.0,
110,Sydney,4,3.0,3.0,5.0,5.0,4.0,5.0,4.0,5.0,3.0,3.0,4.0,5.0,4.0,4.0,4.0,4.0,3.0,2.0,3.0,3.0,4.0,4.0,
111,Richmond,9,6.0,4.0,6.0,6.0,9.0,7.0,7.0,10.0,7.0,9.0,7.0,6.0,6.0,6.0,6.0,6.0,6.0,7.0,6.0,5.0,5.0,5.0,
112,Collingwood,6,5.0,8.0,7.0,8.0,7.0,8.0,8.0,11.0,8.0,6.0,6.0,7.0,8.0,7.0,7.0,7.0,7.0,6.0,5.0,6.0,6.0,6.0,
113,Port Adelaide,1,2.0,2.0,2.0,2.0,3.0,4.0,6.0,9.0,11.0,11.0,10.0,8.0,7.0,8.0,8.0,8.0,8.0,8.0,8.0,8.0,8.0,7.0,
114,Carlton,10,13.0,15.0,13.0,9.0,8.0,11.0,10.0,8.0,6.0,7.0,8.0,9.0,9.0,11.0,9.0,9.0,9.0,9.0,9.0,9.0,9.0,8.0,
115,Essendon,3,1.0,1.0,1.0,1.0,1.0,2.0,3.0,3.0,5.0,4.0,3.0,4.0,3.0,3.0,3.0,2.0,4.0,5.0,7.0,7.0,7.0,9.0,
116,North Melbourne,13,12.0,16.0,11.0,13.0,11.0,12.0,13.0,13.0,12.0,13.0,13.0,13.0,12.0,10.0,11.0,13.0,10.0,10.0,11.0,10.0,11.0,10.0,
117,Adelaide,16,10.0,11.0,8.0,10.0,12.0,9.0,9.0,7.0,9.0,10.0,11.0,11.0,11.0,12.0,12.0,11.0,12.0,13.0,12.0,13.0,12.0,11.0,
118,Brisbane Lions,17,17.0,14.0,16.0,12.0,14.0,15.0,14.0,14.0,15.0,15.0,15.0,14.0,14.0,14.0,13.0,12.0,13.0,12.0,13.0,12.0,10.0,12.0,
119,West Coast,14,15.0,10.0,12.0,15.0,10.0,10.0,11.0,6.0,10.0,8.0,9.0,10.0,10.0,9.0,10.0,10.0,11.0,11.0,10.0,11.0,13.0,13.0,
120,Gold Coast,7,11.0,13.0,14.0,11.0,13.0,13.0,12.0,12.0,13.0,12.0,12.0,12.0,13.0,13.0,14.0,14.0,14.0,14.0,14.0,14.0,14.0,14.0,
121,Western Bulldogs,2,8.0,12.0,15.0,16.0,16.0,16.0,16.0,16.0,14.0,14.0,14.0,16.0,16.0,15.0,15.0,15.0,15.0,15.0,15.0,15.0,15.0,15.0,
122,St Kilda,12,14.0,9.0,10.0,14.0,15.0,14.0,15.0,15.0,16.0,16.0,16.0,15.0,15.0,16.0,16.0,16.0,16.0,16.0,16.0,16.0,16.0,16.0,
123,Melbourne,18,18.0,18.0,17.0,17.0,17.0,17.0,17.0,17.0,17.0,17.0,17.0,17.0,17.0,17.0,17.0,17.0,17.0,17.0,17.0,17.0,17.0,17.0,
124,Greater Western Sydney,15,16.0,17.0,18.0,18.0,18.0,18.0,18.0,18.0,18.0,18.0,18.0,18.0,18.0,18.0,18.0,18.0,18.0,18.0,18.0,18.0,18.0,18.0,
125,[Top],,,,,,,,,,,,,,,,,,,,,,,,
126,2012 Ladder Positions (18 teams),,,,,,,,,,,,,,,,,,,,,,,,
127,Team,1,2.0,3.0,4.0,5.0,6.0,7.0,8.0,9.0,10.0,11.0,12.0,13.0,14.0,15.0,16.0,17.0,18.0,19.0,20.0,21.0,22.0,23.0,
128,Hawthorn,6,8.0,7.0,9.0,11.0,11.0,9.0,6.0,8.0,6.0,6.0,5.0,6.0,6.0,5.0,4.0,3.0,2.0,4.0,4.0,2.0,1.0,1.0,
129,Adelaide,2,3.0,8.0,5.0,4.0,5.0,3.0,2.0,3.0,3.0,5.0,2.0,5.0,5.0,3.0,2.0,2.0,3.0,2.0,2.0,3.0,3.0,2.0,
130,*Sydney,1,4.0,3.0,2.0,2.0,3.0,5.0,4.0,5.0,5.0,2.0,4.0,2.0,2.0,1.0,1.0,1.0,1.0,1.0,1.0,1.0,2.0,3.0,
131,Collingwood,13,9.0,13.0,12.0,10.0,8.0,7.0,5.0,4.0,4.0,1.0,3.0,1.0,1.0,4.0,3.0,4.0,4.0,3.0,3.0,4.0,5.0,4.0,
132,West Coast,3,1.0,1.0,1.0,1.0,1.0,1.0,1.0,1.0,1.0,3.0,1.0,4.0,3.0,2.0,5.0,5.0,5.0,5.0,5.0,5.0,4.0,5.0,
133,Geelong,11,10.0,11.0,10.0,8.0,6.0,10.0,10.0,9.0,8.0,7.0,7.0,7.0,7.0,7.0,7.0,7.0,6.0,6.0,7.0,7.0,6.0,6.0,
134,Fremantle,8,11.0,9.0,6.0,9.0,7.0,6.0,8.0,10.0,11.0,10.0,11.0,12.0,13.0,12.0,10.0,9.0,9.0,9.0,9.0,8.0,7.0,7.0,
135,North Melbourne,10,6.0,6.0,8.0,7.0,10.0,11.0,12.0,11.0,12.0,12.0,12.0,11.0,8.0,11.0,9.0,8.0,8.0,7.0,6.0,6.0,8.0,8.0,
136,St Kilda,12,7.0,5.0,7.0,6.0,9.0,8.0,9.0,7.0,9.0,8.0,8.0,8.0,9.0,8.0,8.0,10.0,10.0,10.0,10.0,11.0,9.0,9.0,
137,Carlton,4,2.0,2.0,4.0,3.0,2.0,4.0,7.0,6.0,7.0,9.0,9.0,9.0,10.0,9.0,12.0,11.0,11.0,11.0,11.0,9.0,10.0,10.0,
138,Essendon,9,5.0,4.0,3.0,5.0,4.0,2.0,3.0,2.0,2.0,4.0,6.0,3.0,4.0,6.0,6.0,6.0,7.0,8.0,8.0,10.0,11.0,11.0,
139,Richmond,15,15.0,10.0,13.0,14.0,12.0,12.0,13.0,12.0,10.0,11.0,10.0,10.0,11.0,10.0,11.0,12.0,12.0,12.0,12.0,12.0,12.0,12.0,
140,Brisbane Lions,5,13.0,14.0,11.0,12.0,14.0,14.0,14.0,14.0,14.0,14.0,15.0,13.0,12.0,13.0,13.0,13.0,13.0,13.0,13.0,13.0,13.0,13.0,
141,Port Adelaide,7,12.0,12.0,14.0,15.0,15.0,15.0,15.0,15.0,13.0,13.0,14.0,15.0,15.0,15.0,15.0,14.0,14.0,14.0,14.0,14.0,14.0,14.0,
142,Western Bulldogs,16,14.0,15.0,15.0,13.0,13.0,13.0,11.0,13.0,15.0,15.0,13.0,14.0,14.0,14.0,14.0,15.0,15.0,15.0,15.0,15.0,15.0,15.0,
143,Melbourne,14,16.0,17.0,16.0,16.0,17.0,18.0,18.0,18.0,16.0,16.0,16.0,16.0,16.0,16.0,16.0,16.0,16.0,16.0,16.0,16.0,16.0,16.0,
144,Gold Coast,17,17.0,16.0,17.0,17.0,16.0,17.0,17.0,17.0,18.0,18.0,18.0,18.0,18.0,18.0,17.0,17.0,17.0,18.0,17.0,17.0,17.0,17.0,
145,Greater Western Sydney,18,18.0,18.0,18.0,18.0,18.0,16.0,16.0,16.0,17.0,17.0,17.0,17.0,17.0,17.0,18.0,18.0,18.0,17.0,18.0,18.0,18.0,18.0,
146,[Top],,,,,,,,,,,,,,,,,,,,,,,,
147,2011 Ladder Positions (17 teams),,,,,,,,,,,,,,,,,,,,,,,,
148,Team,1,2.0,3.0,4.0,5.0,6.0,7.0,8.0,9.0,10.0,11.0,12.0,13.0,14.0,15.0,16.0,17.0,18.0,19.0,20.0,21.0,22.0,23.0,24.0
149,Collingwood,2,1.0,1.0,1.0,1.0,1.0,1.0,2.0,2.0,2.0,2.0,2.0,2.0,2.0,2.0,1.0,1.0,1.0,1.0,1.0,1.0,1.0,1.0,1.0
150,*Geelong,7,4.0,2.0,2.0,2.0,2.0,2.0,1.0,1.0,1.0,1.0,1.0,1.0,1.0,1.0,2.0,2.0,2.0,2.0,2.0,2.0,2.0,2.0,2.0
151,Hawthorn,14,9.0,7.0,3.0,5.0,6.0,5.0,5.0,3.0,3.0,3.0,4.0,4.0,3.0,4.0,3.0,3.0,3.0,3.0,3.0,3.0,3.0,3.0,3.0
152,West Coast,5,3.0,9.0,10.0,10.0,7.0,10.0,7.0,6.0,7.0,6.0,6.0,5.0,5.0,5.0,5.0,5.0,5.0,5.0,5.0,5.0,4.0,4.0,4.0
153,Carlton,3,2.0,4.0,5.0,4.0,3.0,3.0,4.0,5.0,4.0,4.0,3.0,3.0,4.0,3.0,4.0,4.0,4.0,4.0,4.0,4.0,5.0,5.0,5.0
154,St Kilda,11,11.0,12.0,13.0,11.0,13.0,14.0,15.0,13.0,11.0,11.0,9.0,12.0,13.0,12.0,11.0,10.0,8.0,7.0,6.0,6.0,6.0,6.0,6.0
155,Sydney,8,5.0,3.0,8.0,8.0,9.0,8.0,6.0,8.0,6.0,5.0,5.0,6.0,6.0,7.0,6.0,8.0,6.0,6.0,7.0,8.0,7.0,7.0,7.0
156,Essendon,1,6.0,6.0,6.0,6.0,5.0,4.0,3.0,4.0,5.0,7.0,8.0,8.0,10.0,8.0,8.0,7.0,9.0,9.0,8.0,7.0,8.0,8.0,8.0
157,North Melbourne,13,16.0,15.0,16.0,17.0,14.0,15.0,13.0,14.0,14.0,12.0,12.0,11.0,9.0,10.0,12.0,11.0,10.0,10.0,10.0,10.0,9.0,9.0,9.0
158,Western Bulldogs,17,8.0,5.0,9.0,9.0,11.0,11.0,11.0,11.0,12.0,13.0,13.0,13.0,12.0,11.0,9.0,12.0,12.0,12.0,12.0,12.0,11.0,13.0,10.0
159,Fremantle,6,10.0,8.0,4.0,3.0,4.0,6.0,8.0,7.0,8.0,8.0,7.0,7.0,7.0,6.0,7.0,6.0,7.0,8.0,9.0,9.0,10.0,10.0,11.0
160,Richmond,15,12.0,13.0,14.0,12.0,10.0,9.0,10.0,9.0,9.0,10.0,11.0,10.0,11.0,13.0,13.0,13.0,13.0,13.0,14.0,13.0,12.0,11.0,12.0
161,Melbourne,9,13.0,10.0,7.0,7.0,8.0,7.0,9.0,10.0,10.0,9.0,10.0,9.0,8.0,9.0,10.0,9.0,11.0,11.0,11.0,11.0,13.0,12.0,13.0
162,Adelaide,4,7.0,11.0,11.0,13.0,12.0,12.0,12.0,12.0,13.0,14.0,14.0,14.0,14.0,14.0,14.0,14.0,14.0,14.0,13.0,14.0,14.0,14.0,14.0
163,Brisbane Lions,12,15.0,14.0,15.0,16.0,17.0,17.0,17.0,16.0,15.0,15.0,15.0,15.0,15.0,15.0,15.0,15.0,15.0,15.0,15.0,15.0,15.0,15.0,15.0
164,Port Adelaide,16,14.0,16.0,12.0,14.0,15.0,16.0,16.0,17.0,16.0,16.0,16.0,16.0,16.0,16.0,16.0,17.0,17.0,17.0,17.0,17.0,17.0,17.0,16.0
165,Gold Coast,10†,17.0,17.0,17.0,15.0,16.0,13.0,14.0,15.0,17.0,17.0,17.0,17.0,17.0,17.0,17.0,16.0,16.0,16.0,16.0,16.0,16.0,16.0,17.0
166,[Top],,,,,,,,,,,,,,,,,,,,,,,,
167,2010 Ladder Positions (16 teams),,,,,,,,,,,,,,,,,,,,,,,,
168,Team,1,2.0,3.0,4.0,5.0,6.0,7.0,8.0,9.0,10.0,11.0,12.0,13.0,14.0,15.0,16.0,17.0,18.0,19.0,20.0,21.0,22.0,,
169,*Collingwood,5,5.0,7.0,6.0,3.0,2.0,1.0,1.0,2.0,3.0,2.0,3.0,3.0,3.0,3.0,1.0,1.0,1.0,1.0,1.0,1.0,1.0,,
170,Geelong,6,4.0,6.0,4.0,7.0,5.0,3.0,2.0,1.0,1.0,1.0,1.0,1.0,1.0,1.0,2.0,2.0,2.0,2.0,2.0,2.0,2.0,,
171,St Kilda,8,1.0,1.0,1.0,2.0,3.0,5.0,7.0,5.0,4.0,3.0,2.0,2.0,2.0,2.0,3.0,3.0,3.0,3.0,3.0,3.0,3.0,,
172,Western Bulldogs,12,10.0,5.0,8.0,8.0,8.0,8.0,4.0,4.0,5.0,6.0,5.0,5.0,5.0,5.0,5.0,4.0,4.0,4.0,4.0,4.0,4.0,,
173,Sydney,9,9.0,4.0,3.0,1.0,1.0,4.0,6.0,7.0,7.0,7.0,7.0,7.0,8.0,6.0,6.0,8.0,8.0,7.0,7.0,5.0,5.0,,
174,Fremantle,2,2.0,2.0,5.0,4.0,4.0,2.0,3.0,3.0,2.0,4.0,4.0,4.0,4.0,4.0,4.0,5.0,5.0,5.0,5.0,6.0,6.0,,
175,Hawthorn,1,7.0,9.0,11.0,12.0,13.0,14.0,14.0,13.0,11.0,8.0,8.0,8.0,7.0,8.0,7.0,6.0,6.0,8.0,8.0,7.0,7.0,,
176,Carlton,3,8.0,10.0,7.0,6.0,9.0,7.0,5.0,6.0,6.0,5.0,6.0,6.0,6.0,7.0,8.0,7.0,7.0,6.0,6.0,8.0,8.0,,
177,North Melbourne,10,15.0,13.0,14.0,11.0,11.0,11.0,10.0,12.0,13.0,12.0,9.0,9.0,9.0,9.0,9.0,9.0,9.0,9.0,9.0,9.0,9.0,,
178,Port Adelaide,7,6.0,8.0,10.0,10.0,7.0,6.0,8.0,8.0,10.0,11.0,12.0,12.0,13.0,14.0,14.0,13.0,13.0,13.0,12.0,10.0,10.0,,
179,Adelaide,15,14.0,15.0,15.0,15.0,15.0,15.0,15.0,15.0,15.0,15.0,15.0,14.0,10.0,10.0,10.0,10.0,11.0,11.0,11.0,12.0,11.0,,
180,Melbourne,16,12.0,11.0,9.0,9.0,10.0,10.0,11.0,9.0,12.0,13.0,13.0,13.0,14.0,11.0,11.0,11.0,10.0,10.0,10.0,11.0,12.0,,
181,Brisbane Lions,4,3.0,3.0,2.0,5.0,6.0,9.0,9.0,11.0,9.0,10.0,11.0,11.0,11.0,12.0,13.0,14.0,15.0,14.0,14.0,13.0,13.0,,
182,Essendon,11,13.0,12.0,13.0,14.0,12.0,12.0,12.0,10.0,8.0,9.0,10.0,10.0,12.0,13.0,12.0,12.0,12.0,12.0,13.0,14.0,14.0,,
183,Richmond,14,16.0,16.0,16.0,16.0,16.0,16.0,16.0,16.0,16.0,16.0,16.0,16.0,15.0,15.0,15.0,15.0,14.0,15.0,15.0,15.0,15.0,,
184,West Coast,13,11.0,14.0,12.0,13.0,14.0,13.0,13.0,14.0,14.0,14.0,14.0,15.0,16.0,16.0,16.0,16.0,16.0,16.0,16.0,16.0,16.0,,
185,[Top],,,,,,,,,,,,,,,,,,,,,,,,
186,2009 Ladder Positions (16 teams),,,,,,,,,,,,,,,,,,,,,,,,
187,Team,1,2.0,3.0,4.0,5.0,6.0,7.0,8.0,9.0,10.0,11.0,12.0,13.0,14.0,15.0,16.0,17.0,18.0,19.0,20.0,21.0,22.0,,
188,St Kilda,5,3.0,1.0,1.0,1.0,1.0,1.0,1.0,1.0,1.0,1.0,1.0,1.0,1.0,1.0,1.0,1.0,1.0,1.0,1.0,1.0,1.0,,
189,*Geelong,7,4.0,3.0,2.0,2.0,2.0,2.0,2.0,2.0,2.0,2.0,2.0,2.0,2.0,2.0,2.0,2.0,2.0,2.0,2.0,2.0,2.0,,
190,Western Bulldogs,2,2.0,2.0,3.0,4.0,6.0,3.0,3.0,3.0,3.0,3.0,3.0,3.0,3.0,3.0,3.0,3.0,3.0,4.0,4.0,4.0,3.0,,
191,Collingwood,9,5.0,9.0,6.0,8.0,5.0,8.0,11.0,10.0,6.0,5.0,4.0,4.0,4.0,4.0,4.0,4.0,4.0,3.0,3.0,3.0,4.0,,
192,Adelaide,8,12.0,8.0,12.0,7.0,11.0,12.0,12.0,11.0,11.0,9.0,6.0,6.0,5.0,5.0,6.0,5.0,5.0,7.0,6.0,6.0,5.0,,
193,Brisbane Lions,6,11.0,6.0,8.0,13.0,9.0,6.0,5.0,6.0,4.0,6.0,5.0,5.0,6.0,6.0,5.0,6.0,6.0,5.0,7.0,7.0,6.0,,
194,Carlton,1,1.0,4.0,5.0,3.0,4.0,7.0,6.0,9.0,5.0,4.0,7.0,8.0,7.0,7.0,7.0,7.0,7.0,6.0,5.0,5.0,7.0,,
195,Essendon,14,9.0,7.0,9.0,6.0,10.0,5.0,8.0,4.0,9.0,11.0,8.0,7.0,8.0,8.0,8.0,8.0,9.0,9.0,8.0,8.0,8.0,,
196,Hawthorn,10,13.0,10.0,13.0,9.0,8.0,9.0,7.0,7.0,8.0,7.0,9.0,9.0,11.0,10.0,10.0,9.0,10.0,11.0,11.0,9.0,9.0,,
197,Port Adelaide,3,10.0,5.0,4.0,5.0,3.0,4.0,4.0,8.0,10.0,8.0,10.0,10.0,9.0,9.0,9.0,10.0,8.0,8.0,9.0,10.0,10.0,,
198,West Coast,11,6.0,13.0,10.0,11.0,12.0,11.0,10.0,13.0,13.0,13.0,13.0,12.0,12.0,12.0,13.0,14.0,13.0,12.0,12.0,12.0,11.0,,
199,Sydney,12,8.0,11.0,7.0,10.0,7.0,10.0,9.0,5.0,7.0,10.0,11.0,11.0,10.0,11.0,11.0,11.0,11.0,10.0,10.0,11.0,12.0,,
200,North Melbourne,4,7.0,12.0,11.0,12.0,13.0,13.0,13.0,12.0,12.0,12.0,12.0,13.0,13.0,13.0,12.0,13.0,14.0,13.0,13.0,13.0,13.0,,
201,Fremantle,15,14.0,14.0,16.0,16.0,14.0,14.0,14.0,14.0,14.0,14.0,15.0,15.0,15.0,16.0,16.0,15.0,15.0,15.0,15.0,14.0,14.0,,
202,Richmond,16,16.0,16.0,15.0,14.0,15.0,15.0,15.0,15.0,15.0,15.0,14.0,14.0,14.0,14.0,14.0,12.0,12.0,14.0,14.0,15.0,15.0,,
203,Melbourne,13,15.0,15.0,14.0,15.0,16.0,16.0,16.0,16.0,16.0,16.0,16.0,16.0,16.0,15.0,15.0,16.0,16.0,16.0,16.0,16.0,16.0,,
204,[Top],,,,,,,,,,,,,,,,,,,,,,,,
205,2008 Ladder Positions (16 teams),,,,,,,,,,,,,,,,,,,,,,,,
206,Team,1,2.0,3.0,4.0,5.0,6.0,7.0,8.0,9.0,10.0,11.0,12.0,13.0,14.0,15.0,16.0,17.0,18.0,19.0,20.0,21.0,22.0,,
207,Geelong,6,2.0,1.0,2.0,1.0,1.0,1.0,1.0,2.0,2.0,2.0,1.0,1.0,1.0,1.0,1.0,1.0,1.0,1.0,1.0,1.0,1.0,,
208,*Hawthorn,1,1.0,2.0,1.0,2.0,2.0,2.0,2.0,1.0,1.0,1.0,2.0,3.0,3.0,3.0,3.0,3.0,3.0,2.0,2.0,2.0,2.0,,
209,Western Bulldogs,8,3.0,3.0,3.0,3.0,3.0,3.0,3.0,3.0,3.0,3.0,3.0,2.0,2.0,2.0,2.0,2.0,2.0,3.0,3.0,3.0,3.0,,
210,St Kilda,7,4.0,7.0,10.0,7.0,9.0,5.0,9.0,10.0,9.0,9.0,10.0,9.0,8.0,8.0,7.0,9.0,7.0,8.0,8.0,7.0,4.0,,
211,Adelaide,9,6.0,5.0,6.0,5.0,4.0,4.0,4.0,4.0,4.0,4.0,5.0,5.0,6.0,6.0,9.0,7.0,6.0,6.0,5.0,6.0,5.0,,
212,Sydney,10,5.0,4.0,4.0,4.0,5.0,6.0,5.0,5.0,5.0,5.0,4.0,4.0,4.0,4.0,4.0,4.0,4.0,4.0,6.0,8.0,6.0,,
213,North Melbourne,15,9.0,10.0,7.0,6.0,6.0,7.0,6.0,6.0,8.0,8.0,9.0,8.0,10.0,9.0,8.0,5.0,5.0,5.0,4.0,4.0,7.0,,
214,Collingwood,4,7.0,6.0,5.0,9.0,7.0,8.0,7.0,7.0,6.0,6.0,6.0,7.0,5.0,5.0,5.0,6.0,8.0,7.0,7.0,5.0,8.0,,
215,Richmond,3,8.0,12.0,8.0,8.0,10.0,12.0,12.0,11.0,12.0,12.0,11.0,11.0,11.0,11.0,10.0,10.0,10.0,11.0,10.0,9.0,9.0,,
216,Brisbane Lions,12,10.0,11.0,9.0,10.0,8.0,10.0,8.0,8.0,7.0,7.0,7.0,6.0,7.0,7.0,6.0,8.0,9.0,9.0,9.0,10.0,10.0,,
217,Carlton,14,14.0,14.0,12.0,11.0,11.0,11.0,11.0,9.0,11.0,10.0,8.0,10.0,9.0,10.0,11.0,11.0,11.0,10.0,11.0,11.0,11.0,,
218,Essendon,2,11.0,8.0,11.0,12.0,13.0,13.0,13.0,14.0,14.0,14.0,13.0,13.0,12.0,12.0,12.0,12.0,12.0,12.0,12.0,12.0,12.0,,
219,Port Adelaide,11,15.0,15.0,15.0,13.0,12.0,9.0,10.0,12.0,10.0,11.0,12.0,12.0,13.0,13.0,13.0,13.0,14.0,14.0,14.0,13.0,13.0,,
220,Fremantle,13,13.0,9.0,13.0,14.0,14.0,14.0,14.0,15.0,15.0,15.0,14.0,14.0,14.0,14.0,14.0,14.0,13.0,13.0,13.0,14.0,14.0,,
221,West Coast,5,12.0,13.0,14.0,15.0,15.0,15.0,15.0,13.0,13.0,13.0,15.0,15.0,15.0,15.0,15.0,15.0,15.0,15.0,15.0,15.0,15.0,,
222,Melbourne,16,16.0,16.0,16.0,16.0,16.0,16.0,16.0,16.0,16.0,16.0,16.0,16.0,16.0,16.0,16.0,16.0,16.0,16.0,16.0,16.0,16.0,,
223,[Top],,,,,,,,,,,,,,,,,,,,,,,,
224,2007 Ladder Positions (16 teams),,,,,,,,,,,,,,,,,,,,,,,,
225,Team,1,2.0,3.0,4.0,5.0,6.0,7.0,8.0,9.0,10.0,11.0,12.0,13.0,14.0,15.0,16.0,17.0,18.0,19.0,20.0,21.0,22.0,,
226,*Geelong,13,5.0,2.0,6.0,10.0,6.0,4.0,3.0,2.0,2.0,1.0,1.0,1.0,1.0,1.0,1.0,1.0,1.0,1.0,1.0,1.0,1.0,,
227,Port Adelaide,6,3.0,10.0,4.0,2.0,2.0,1.0,2.0,7.0,7.0,10.0,8.0,6.0,9.0,5.0,4.0,3.0,4.0,3.0,2.0,2.0,2.0,,
228,West Coast,8,4.0,1.0,1.0,1.0,1.0,2.0,1.0,1.0,1.0,2.0,3.0,3.0,2.0,4.0,5.0,4.0,5.0,4.0,3.0,3.0,3.0,,
229,Kangaroos,10,13.0,13.0,14.0,11.0,10.0,7.0,6.0,6.0,8.0,6.0,9.0,7.0,5.0,3.0,2.0,2.0,2.0,5.0,5.0,5.0,4.0,,
230,Hawthorn,16,8.0,8.0,5.0,8.0,5.0,8.0,5.0,4.0,3.0,3.0,2.0,2.0,3.0,2.0,3.0,5.0,3.0,2.0,4.0,4.0,5.0,,
231,Collingwood,7,9.0,9.0,9.0,7.0,4.0,3.0,7.0,5.0,4.0,5.0,4.0,4.0,4.0,6.0,6.0,6.0,6.0,7.0,6.0,6.0,6.0,,
232,Sydney,9,6.0,4.0,8.0,3.0,7.0,11.0,9.0,8.0,9.0,7.0,10.0,10.0,10.0,8.0,8.0,7.0,7.0,6.0,7.0,7.0,7.0,,
233,Adelaide,14,7.0,5.0,3.0,4.0,8.0,5.0,4.0,3.0,5.0,8.0,5.0,8.0,6.0,9.0,9.0,12.0,11.0,11.0,10.0,8.0,8.0,,
234,St Kilda,2,11.0,6.0,10.0,13.0,11.0,9.0,12.0,13.0,13.0,14.0,12.0,12.0,12.0,11.0,11.0,9.0,9.0,9.0,8.0,9.0,9.0,,
235,Brisbane Lions,1,1.0,3.0,7.0,6.0,3.0,6.0,11.0,12.0,11.0,12.0,13.0,13.0,13.0,12.0,12.0,11.0,8.0,8.0,9.0,10.0,10.0,,
236,Fremantle,11,14.0,14.0,13.0,12.0,13.0,13.0,13.0,11.0,12.0,11.0,11.0,11.0,11.0,13.0,13.0,13.0,13.0,12.0,13.0,11.0,11.0,,
237,Essendon,3,2.0,7.0,2.0,5.0,9.0,12.0,10.0,9.0,6.0,4.0,6.0,5.0,8.0,10.0,10.0,8.0,12.0,13.0,11.0,12.0,12.0,,
238,Western Bulldogs,4,10.0,12.0,11.0,9.0,12.0,10.0,8.0,10.0,10.0,9.0,7.0,9.0,7.0,7.0,7.0,10.0,10.0,10.0,12.0,13.0,13.0,,
239,Melbourne,15,16.0,16.0,16.0,16.0,15.0,15.0,15.0,15.0,15.0,15.0,15.0,15.0,15.0,15.0,15.0,15.0,15.0,14.0,14.0,14.0,14.0,,
240,Carlton,5,12.0,11.0,12.0,14.0,14.0,14.0,14.0,14.0,14.0,13.0,14.0,14.0,14.0,14.0,14.0,14.0,14.0,15.0,15.0,15.0,15.0,,
241,Richmond,12,15.0,15.0,15.0,15.0,16.0,16.0,16.0,16.0,16.0,16.0,16.0,16.0,16.0,16.0,16.0,16.0,16.0,16.0,16.0,16.0,16.0,,
242,[Top],,,,,,,,,,,,,,,,,,,,,,,,
243,2006 Ladder Positions (16 teams),,,,,,,,,,,,,,,,,,,,,,,,
244,Team,1,2.0,3.0,4.0,5.0,6.0,7.0,8.0,9.0,10.0,11.0,12.0,13.0,14.0,15.0,16.0,17.0,18.0,19.0,20.0,21.0,22.0,,
245,*West Coast,7,3.0,2.0,2.0,1.0,3.0,2.0,1.0,1.0,1.0,1.0,2.0,2.0,2.0,2.0,2.0,2.0,2.0,2.0,1.0,1.0,1.0,,
246,Adelaide,4,4.0,6.0,5.0,2.0,2.0,1.0,3.0,2.0,2.0,2.0,1.0,1.0,1.0,1.0,1.0,1.0,1.0,1.0,2.0,2.0,2.0,,
247,Fremantle,9,8.0,8.0,8.0,6.0,6.0,8.0,7.0,8.0,7.0,8.0,9.0,10.0,9.0,8.0,8.0,8.0,8.0,6.0,4.0,3.0,3.0,,
248,Sydney,12,14.0,12.0,12.0,9.0,8.0,5.0,4.0,4.0,4.0,4.0,6.0,6.0,6.0,7.0,7.0,6.0,4.0,3.0,5.0,5.0,4.0,,
249,Collingwood,13,7.0,4.0,3.0,3.0,1.0,3.0,2.0,3.0,3.0,3.0,3.0,3.0,4.0,6.0,4.0,5.0,6.0,7.0,6.0,6.0,5.0,,
250,St Kilda,10,9.0,7.0,7.0,8.0,7.0,10.0,8.0,5.0,8.0,7.0,7.0,7.0,7.0,5.0,5.0,4.0,5.0,4.0,7.0,7.0,6.0,,
251,Melbourne,11,15.0,15.0,13.0,10.0,9.0,7.0,6.0,7.0,6.0,6.0,5.0,4.0,3.0,3.0,3.0,3.0,3.0,5.0,3.0,4.0,7.0,,
252,Western Bulldogs,1,2.0,1.0,1.0,4.0,4.0,4.0,5.0,6.0,5.0,5.0,4.0,5.0,5.0,4.0,6.0,7.0,7.0,8.0,8.0,8.0,8.0,,
253,Richmond,16,16.0,16.0,16.0,12.0,10.0,11.0,10.0,9.0,9.0,9.0,10.0,8.0,8.0,9.0,10.0,10.0,10.0,10.0,10.0,9.0,9.0,,
254,Geelong,2,1.0,3.0,6.0,7.0,11.0,9.0,11.0,12.0,13.0,11.0,11.0,11.0,10.0,10.0,9.0,9.0,9.0,9.0,9.0,10.0,10.0,,
255,Hawthorn,8,10.0,5.0,4.0,5.0,5.0,6.0,9.0,11.0,11.0,13.0,12.0,13.0,14.0,14.0,14.0,14.0,14.0,14.0,14.0,12.0,11.0,,
256,Port Adelaide,14,11.0,11.0,9.0,11.0,13.0,15.0,15.0,13.0,12.0,10.0,8.0,9.0,11.0,12.0,12.0,12.0,13.0,11.0,11.0,11.0,12.0,,
257,Brisbane Lions,15,13.0,14.0,14.0,16.0,16.0,14.0,12.0,10.0,10.0,12.0,13.0,12.0,12.0,11.0,11.0,11.0,11.0,12.0,12.0,13.0,13.0,,
258,Kangaroos,3,12.0,13.0,15.0,15.0,12.0,13.0,14.0,14.0,14.0,14.0,14.0,14.0,13.0,13.0,13.0,13.0,12.0,13.0,13.0,14.0,14.0,,
259,Essendon,5,5.0,10.0,10.0,13.0,14.0,16.0,16.0,16.0,16.0,16.0,16.0,16.0,16.0,16.0,16.0,15.0,16.0,15.0,15.0,15.0,15.0,,
260,Carlton,6,6.0,9.0,11.0,14.0,15.0,12.0,13.0,15.0,15.0,15.0,15.0,15.0,15.0,15.0,15.0,16.0,15.0,16.0,16.0,16.0,16.0,,
261,[Top],,,,,,,,,,,,,,,,,,,,,,,,
262,2005 Ladder Positions (16 teams),,,,,,,,,,,,,,,,,,,,,,,,
263,Team,1,2.0,3.0,4.0,5.0,6.0,7.0,8.0,9.0,10.0,11.0,12.0,13.0,14.0,15.0,16.0,17.0,18.0,19.0,20.0,21.0,22.0,,
264,Adelaide,9,9.0,4.0,3.0,5.0,4.0,8.0,8.0,5.0,5.0,3.0,4.0,3.0,2.0,2.0,2.0,2.0,2.0,2.0,2.0,2.0,1.0,,
265,West Coast,8,3.0,3.0,1.0,1.0,1.0,1.0,1.0,1.0,1.0,1.0,1.0,1.0,1.0,1.0,1.0,1.0,1.0,1.0,1.0,1.0,2.0,,
266,*Sydney,1,5.0,5.0,8.0,10.0,12.0,10.0,10.0,6.0,9.0,6.0,6.0,5.0,6.0,5.0,4.0,3.0,4.0,4.0,4.0,3.0,3.0,,
267,St Kilda,11,11.0,12.0,7.0,4.0,3.0,7.0,7.0,9.0,7.0,8.0,8.0,9.0,9.0,9.0,6.0,4.0,3.0,3.0,3.0,4.0,4.0,,
268,Kangaroos,7,2.0,2.0,2.0,2.0,2.0,5.0,5.0,7.0,6.0,7.0,7.0,6.0,5.0,7.0,5.0,6.0,5.0,5.0,5.0,5.0,5.0,,
269,Geelong,4,6.0,10.0,6.0,6.0,5.0,3.0,2.0,2.0,2.0,4.0,3.0,4.0,3.0,3.0,3.0,5.0,6.0,7.0,6.0,6.0,6.0,,
270,Melbourne,2,1.0,1.0,4.0,3.0,6.0,2.0,4.0,4.0,3.0,2.0,2.0,2.0,4.0,4.0,7.0,8.0,9.0,11.0,10.0,8.0,7.0,,
271,Port Adelaide,14,13.0,15.0,10.0,13.0,14.0,11.0,13.0,11.0,12.0,11.0,9.0,8.0,10.0,10.0,10.0,10.0,11.0,9.0,11.0,9.0,8.0,,
272,Western Bulldogs,5,8.0,9.0,13.0,8.0,10.0,9.0,9.0,10.0,10.0,10.0,11.0,11.0,11.0,12.0,12.0,12.0,12.0,10.0,9.0,11.0,9.0,,
273,Fremantle,3,4.0,7.0,12.0,9.0,8.0,6.0,6.0,8.0,8.0,9.0,12.0,12.0,12.0,11.0,11.0,11.0,8.0,8.0,8.0,7.0,10.0,,
274,Brisbane Lions,6,7.0,8.0,14.0,16.0,11.0,13.0,11.0,13.0,14.0,12.0,10.0,10.0,8.0,8.0,9.0,7.0,7.0,6.0,7.0,10.0,11.0,,
275,Richmond,13,12.0,6.0,5.0,7.0,7.0,4.0,3.0,3.0,4.0,5.0,5.0,7.0,7.0,6.0,8.0,9.0,10.0,12.0,12.0,12.0,12.0,,
276,Essendon,15,15.0,14.0,16.0,11.0,13.0,14.0,12.0,14.0,11.0,14.0,14.0,13.0,14.0,14.0,13.0,13.0,13.0,13.0,13.0,13.0,13.0,,
277,Hawthorn,16,16.0,16.0,15.0,15.0,15.0,15.0,15.0,12.0,13.0,15.0,15.0,15.0,15.0,15.0,15.0,15.0,15.0,15.0,14.0,14.0,14.0,,
278,Collingwood,12,14.0,11.0,11.0,14.0,16.0,16.0,16.0,16.0,15.0,13.0,13.0,14.0,13.0,13.0,14.0,14.0,14.0,14.0,15.0,15.0,15.0,,
279,Carlton,10,10.0,13.0,9.0,12.0,9.0,12.0,14.0,15.0,16.0,16.0,16.0,16.0,16.0,16.0,16.0,16.0,16.0,16.0,16.0,16.0,16.0,,
280,[Top],,,,,,,,,,,,,,,,,,,,,,,,
281,2004 Ladder Positions (16 teams),,,,,,,,,,,,,,,,,,,,,,,,
282,Team,1,2.0,3.0,4.0,5.0,6.0,7.0,8.0,9.0,10.0,11.0,12.0,13.0,14.0,15.0,16.0,17.0,18.0,19.0,20.0,21.0,22.0,,
283,*Port Adelaide,1,3.0,2.0,2.0,2.0,3.0,4.0,6.0,4.0,4.0,5.0,4.0,4.0,3.0,3.0,3.0,3.0,4.0,2.0,2.0,1.0,1.0,,
284,Brisbane Lions,8,4.0,4.0,4.0,3.0,5.0,3.0,3.0,3.0,3.0,3.0,2.0,3.0,2.0,2.0,2.0,1.0,2.0,4.0,3.0,2.0,2.0,,
285,St Kilda,3,1.0,1.0,1.0,1.0,1.0,1.0,1.0,1.0,1.0,1.0,1.0,1.0,1.0,1.0,1.0,2.0,3.0,1.0,1.0,3.0,3.0,,
286,Geelong,14,15.0,16.0,13.0,13.0,10.0,8.0,8.0,7.0,8.0,7.0,6.0,5.0,5.0,5.0,5.0,5.0,5.0,5.0,4.0,4.0,4.0,,
287,Melbourne,11,8.0,7.0,6.0,5.0,2.0,2.0,2.0,2.0,2.0,2.0,3.0,2.0,4.0,4.0,4.0,4.0,1.0,3.0,5.0,5.0,5.0,,
288,Sydney,9,5.0,5.0,3.0,6.0,7.0,7.0,10.0,8.0,7.0,6.0,8.0,8.0,7.0,7.0,7.0,8.0,7.0,8.0,7.0,6.0,6.0,,
289,West Coast,7,10.0,9.0,8.0,10.0,9.0,14.0,11.0,13.0,10.0,10.0,10.0,11.0,10.0,10.0,10.0,10.0,10.0,10.0,9.0,7.0,7.0,,
290,Essendon,16,16.0,13.0,9.0,8.0,6.0,6.0,4.0,6.0,5.0,4.0,5.0,6.0,8.0,6.0,8.0,9.0,8.0,9.0,8.0,9.0,8.0,,
291,Fremantle,4,7.0,6.0,5.0,4.0,4.0,5.0,5.0,5.0,6.0,8.0,7.0,7.0,6.0,9.0,6.0,6.0,6.0,6.0,6.0,8.0,9.0,,
292,Kangaroos,2,2.0,3.0,7.0,7.0,8.0,9.0,7.0,9.0,9.0,9.0,9.0,9.0,9.0,8.0,9.0,7.0,9.0,7.0,10.0,10.0,10.0,,
293,Carlton,13,9.0,8.0,11.0,9.0,12.0,10.0,12.0,12.0,15.0,12.0,11.0,10.0,11.0,11.0,11.0,11.0,12.0,12.0,12.0,11.0,11.0,,
294,Adelaide,15,14.0,15.0,16.0,11.0,14.0,12.0,14.0,14.0,12.0,14.0,15.0,12.0,12.0,12.0,12.0,13.0,13.0,13.0,13.0,12.0,12.0,,
295,Collingwood,12,12.0,12.0,15.0,15.0,16.0,16.0,16.0,16.0,14.0,11.0,13.0,14.0,13.0,13.0,13.0,12.0,11.0,11.0,11.0,13.0,13.0,,
296,Western Bulldogs,10,13.0,14.0,10.0,12.0,11.0,13.0,13.0,11.0,13.0,15.0,12.0,13.0,14.0,14.0,14.0,14.0,14.0,14.0,14.0,14.0,14.0,,
297,Hawthorn,6,6.0,10.0,12.0,14.0,15.0,15.0,15.0,15.0,16.0,16.0,16.0,16.0,16.0,16.0,16.0,16.0,16.0,16.0,16.0,15.0,15.0,,
298,Richmond,5,11.0,11.0,14.0,16.0,13.0,11.0,9.0,10.0,11.0,13.0,14.0,15.0,15.0,15.0,15.0,15.0,15.0,15.0,15.0,16.0,16.0,,
299,[Top],,,,,,,,,,,,,,,,,,,,,,,,
300,2003 Ladder Positions (16 teams),,,,,,,,,,,,,,,,,,,,,,,,
301,Team,1,2.0,3.0,4.0,5.0,6.0,7.0,8.0,9.0,10.0,11.0,12.0,13.0,14.0,15.0,16.0,17.0,18.0,19.0,20.0,21.0,22.0,,
302,Port Adelaide,14,15.0,9.0,7.0,6.0,4.0,5.0,4.0,3.0,3.0,2.0,1.0,1.0,1.0,1.0,1.0,1.0,1.0,1.0,1.0,1.0,1.0,,
303,Collingwood,6,3.0,1.0,3.0,7.0,8.0,8.0,9.0,8.0,9.0,8.0,8.0,8.0,7.0,6.0,6.0,5.0,3.0,4.0,3.0,2.0,2.0,,
304,*Brisbane Lions,2,1.0,2.0,1.0,1.0,1.0,1.0,1.0,1.0,1.0,1.0,3.0,3.0,3.0,3.0,4.0,6.0,6.0,3.0,6.0,3.0,3.0,,
305,Sydney,1,4.0,8.0,12.0,9.0,7.0,6.0,5.0,7.0,6.0,4.0,4.0,5.0,5.0,5.0,2.0,2.0,4.0,5.0,4.0,6.0,4.0,,
306,Fremantle,13,13.0,14.0,10.0,11.0,10.0,7.0,6.0,4.0,4.0,5.0,5.0,6.0,6.0,7.0,7.0,7.0,7.0,6.0,5.0,8.0,5.0,,
307,Adelaide,4,6.0,5.0,2.0,4.0,2.0,4.0,7.0,6.0,5.0,7.0,7.0,4.0,4.0,4.0,5.0,4.0,2.0,2.0,2.0,4.0,6.0,,
308,West Coast,3,5.0,4.0,6.0,3.0,3.0,2.0,2.0,2.0,2.0,3.0,2.0,2.0,2.0,2.0,3.0,3.0,5.0,7.0,7.0,5.0,7.0,,
309,Essendon,15,10.0,11.0,8.0,5.0,6.0,11.0,8.0,10.0,10.0,11.0,11.0,9.0,9.0,9.0,9.0,9.0,8.0,8.0,8.0,7.0,8.0,,
310,Hawthorn,9,8.0,12.0,9.0,10.0,9.0,12.0,14.0,13.0,13.0,12.0,12.0,11.0,10.0,10.0,10.0,10.0,10.0,10.0,9.0,9.0,9.0,,
311,Kangaroos,7,2.0,3.0,5.0,8.0,12.0,10.0,11.0,9.0,8.0,6.0,6.0,7.0,8.0,8.0,8.0,8.0,9.0,9.0,11.0,11.0,10.0,,
312,St Kilda,10,11.0,15.0,16.0,12.0,11.0,9.0,10.0,11.0,11.0,10.0,10.0,12.0,12.0,12.0,11.0,12.0,11.0,11.0,10.0,10.0,11.0,,
313,Geelong,12,14.0,16.0,14.0,16.0,16.0,16.0,16.0,15.0,15.0,13.0,14.0,15.0,14.0,13.0,13.0,13.0,13.0,13.0,13.0,13.0,12.0,,
314,Richmond,11,9.0,6.0,4.0,2.0,5.0,3.0,3.0,5.0,7.0,9.0,9.0,10.0,11.0,11.0,12.0,11.0,12.0,12.0,12.0,12.0,13.0,,
315,Melbourne,8,12.0,7.0,11.0,13.0,13.0,13.0,12.0,12.0,12.0,14.0,15.0,13.0,13.0,14.0,14.0,14.0,14.0,14.0,14.0,14.0,14.0,,
316,Carlton,16,16.0,13.0,15.0,14.0,14.0,14.0,13.0,14.0,14.0,15.0,13.0,14.0,15.0,15.0,15.0,15.0,15.0,15.0,15.0,15.0,15.0,,
317,Western Bulldogs,5,7.0,10.0,13.0,15.0,15.0,15.0,15.0,16.0,16.0,16.0,16.0,16.0,16.0,16.0,16.0,16.0,16.0,16.0,16.0,16.0,16.0,,
318,[Top],,,,,,,,,,,,,,,,,,,,,,,,
319,2002 Ladder Positions (16 teams),,,,,,,,,,,,,,,,,,,,,,,,
320,Team,1,2.0,3.0,4.0,5.0,6.0,7.0,8.0,9.0,10.0,11.0,12.0,13.0,14.0,15.0,16.0,17.0,18.0,19.0,20.0,21.0,22.0,,
321,Port Adelaide,9,13.0,8.0,5.0,4.0,2.0,5.0,3.0,2.0,2.0,2.0,1.0,1.0,1.0,1.0,1.0,2.0,2.0,2.0,2.0,2.0,1.0,,
322,*Brisbane Lions,4,1.0,1.0,1.0,1.0,1.0,1.0,1.0,1.0,1.0,1.0,2.0,2.0,2.0,2.0,2.0,1.0,1.0,1.0,1.0,1.0,2.0,,
323,Adelaide,6,3.0,2.0,4.0,8.0,4.0,3.0,5.0,4.0,3.0,4.0,4.0,4.0,5.0,4.0,4.0,4.0,4.0,3.0,3.0,3.0,3.0,,
324,Collingwood,14,11.0,11.0,11.0,9.0,3.0,2.0,2.0,5.0,4.0,3.0,3.0,3.0,3.0,3.0,3.0,3.0,3.0,4.0,4.0,4.0,4.0,,
325,Essendon,1,2.0,3.0,2.0,5.0,8.0,6.0,4.0,3.0,5.0,5.0,5.0,5.0,4.0,8.0,10.0,7.0,8.0,10.0,8.0,6.0,5.0,,
326,Melbourne,5,4.0,5.0,3.0,2.0,5.0,4.0,6.0,6.0,6.0,7.0,7.0,7.0,8.0,5.0,6.0,8.0,9.0,6.0,5.0,7.0,6.0,,
327,Kangaroos,8,5.0,6.0,10.0,7.0,11.0,12.0,10.0,10.0,9.0,8.0,10.0,10.0,9.0,9.0,8.0,9.0,7.0,8.0,7.0,5.0,7.0,,
328,West Coast,7,8.0,4.0,9.0,6.0,9.0,7.0,8.0,7.0,7.0,6.0,6.0,6.0,6.0,7.0,7.0,6.0,5.0,7.0,9.0,9.0,8.0,,
329,Geelong,16,14.0,13.0,6.0,3.0,7.0,10.0,13.0,14.0,12.0,10.0,9.0,8.0,7.0,6.0,5.0,5.0,6.0,5.0,6.0,8.0,9.0,,
330,Hawthorn,12,15.0,15.0,14.0,13.0,12.0,8.0,7.0,8.0,10.0,12.0,12.0,11.0,10.0,10.0,9.0,10.0,10.0,9.0,10.0,10.0,10.0,,
331,Sydney,13,6.0,9.0,8.0,10.0,6.0,9.0,12.0,12.0,14.0,14.0,14.0,13.0,13.0,13.0,13.0,13.0,13.0,13.0,13.0,12.0,11.0,,
332,Western Bulldogs,11,12.0,16.0,16.0,16.0,15.0,15.0,14.0,13.0,11.0,9.0,8.0,9.0,11.0,11.0,12.0,11.0,11.0,11.0,12.0,13.0,12.0,,
333,Fremantle,10,10.0,10.0,7.0,11.0,10.0,11.0,9.0,9.0,8.0,11.0,11.0,12.0,12.0,12.0,11.0,12.0,12.0,12.0,11.0,11.0,13.0,,
334,Richmond,3,9.0,7.0,12.0,12.0,13.0,13.0,11.0,11.0,13.0,13.0,13.0,14.0,14.0,14.0,15.0,15.0,15.0,14.0,14.0,14.0,14.0,,
335,St Kilda,2,7.0,12.0,15.0,14.0,14.0,14.0,15.0,15.0,15.0,15.0,15.0,15.0,15.0,15.0,14.0,14.0,14.0,15.0,15.0,15.0,15.0,,
336,Carlton,15,16.0,14.0,13.0,15.0,16.0,16.0,16.0,16.0,16.0,16.0,16.0,16.0,16.0,16.0,16.0,16.0,16.0,16.0,16.0,16.0,16.0,,
337,[Top],,,,,,,,,,,,,,,,,,,,,,,,
338,2001 Ladder Positions (16 teams),,,,,,,,,,,,,,,,,,,,,,,,
339,Team,1,2.0,3.0,4.0,5.0,6.0,7.0,8.0,9.0,10.0,11.0,12.0,13.0,14.0,15.0,16.0,17.0,18.0,19.0,20.0,21.0,22.0,,
340,Essendon,1,1.0,3.0,2.0,2.0,2.0,2.0,2.0,1.0,1.0,1.0,1.0,1.0,1.0,1.0,1.0,1.0,1.0,1.0,1.0,1.0,1.0,,
341,*Brisbane Lions,12,5.0,10.0,12.0,9.0,6.0,5.0,7.0,9.0,8.0,8.0,7.0,6.0,5.0,3.0,2.0,2.0,2.0,2.0,2.0,2.0,2.0,,
342,Port Adelaide,5,12.0,6.0,4.0,3.0,3.0,3.0,3.0,3.0,2.0,2.0,4.0,7.0,4.0,2.0,5.0,4.0,3.0,3.0,3.0,3.0,3.0,,
343,Richmond,4,8.0,7.0,5.0,4.0,4.0,4.0,5.0,7.0,5.0,5.0,5.0,3.0,6.0,6.0,6.0,5.0,5.0,5.0,5.0,4.0,4.0,,
344,Carlton,8,10.0,9.0,9.0,6.0,9.0,6.0,4.0,4.0,4.0,4.0,3.0,2.0,3.0,5.0,4.0,6.0,6.0,6.0,6.0,5.0,5.0,,
345,Hawthorn,6,4.0,2.0,1.0,1.0,1.0,1.0,1.0,2.0,3.0,3.0,2.0,4.0,2.0,4.0,3.0,3.0,4.0,4.0,4.0,6.0,6.0,,
346,Sydney,3,3.0,1.0,3.0,5.0,8.0,9.0,11.0,10.0,9.0,7.0,9.0,9.0,8.0,8.0,7.0,7.0,7.0,7.0,7.0,7.0,7.0,,
347,Adelaide,14,14.0,15.0,14.0,13.0,13.0,11.0,10.0,8.0,6.0,10.0,10.0,12.0,12.0,10.0,12.0,11.0,10.0,9.0,8.0,8.0,8.0,,
348,Collingwood,11,7.0,4.0,6.0,8.0,7.0,8.0,6.0,5.0,7.0,6.0,6.0,5.0,7.0,7.0,9.0,8.0,8.0,8.0,9.0,9.0,9.0,,
349,Western Bulldogs,10,6.0,11.0,8.0,11.0,10.0,10.0,8.0,6.0,10.0,9.0,8.0,8.0,11.0,11.0,8.0,10.0,11.0,12.0,10.0,10.0,10.0,,
350,Melbourne,13,11.0,8.0,11.0,7.0,5.0,7.0,9.0,12.0,11.0,12.0,13.0,13.0,13.0,13.0,13.0,13.0,13.0,13.0,13.0,13.0,11.0,,
351,Geelong,2,2.0,5.0,7.0,10.0,11.0,12.0,12.0,11.0,12.0,11.0,11.0,10.0,9.0,12.0,10.0,9.0,9.0,10.0,11.0,11.0,12.0,,
352,Kangaroos,16,16.0,16.0,15.0,15.0,15.0,15.0,13.0,13.0,13.0,13.0,12.0,11.0,10.0,9.0,11.0,12.0,12.0,11.0,12.0,12.0,13.0,,
353,West Coast,15,15.0,13.0,10.0,12.0,14.0,14.0,15.0,15.0,15.0,15.0,15.0,15.0,15.0,15.0,15.0,15.0,14.0,14.0,14.0,14.0,14.0,,
354,St Kilda,7,9.0,12.0,13.0,14.0,12.0,13.0,14.0,14.0,14.0,14.0,14.0,14.0,14.0,14.0,14.0,14.0,15.0,15.0,15.0,15.0,15.0,,
355,Fremantle,9,13.0,14.0,16.0,16.0,16.0,16.0,16.0,16.0,16.0,16.0,16.0,16.0,16.0,16.0,16.0,16.0,16.0,16.0,16.0,16.0,16.0,,
356,[Top],,,,,,,,,,,,,,,,,,,,,,,,
357,2000 Ladder Positions (16 teams),,,,,,,,,,,,,,,,,,,,,,,,
358,Team,1,2.0,3.0,4.0,5.0,6.0,7.0,8.0,9.0,10.0,11.0,12.0,13.0,14.0,15.0,16.0,17.0,18.0,19.0,20.0,21.0,22.0,,
359,*Essendon,1,1.0,1.0,1.0,1.0,1.0,1.0,1.0,1.0,1.0,1.0,1.0,1.0,1.0,1.0,1.0,1.0,1.0,1.0,1.0,1.0,1.0,,
360,Carlton,4,2.0,6.0,10.0,10.0,8.0,6.0,4.0,2.0,2.0,2.0,2.0,2.0,2.0,2.0,2.0,2.0,2.0,2.0,2.0,2.0,2.0,,
361,Melbourne,9,7.0,8.0,7.0,4.0,6.0,5.0,3.0,5.0,5.0,7.0,8.0,8.0,6.0,6.0,5.0,5.0,5.0,4.0,4.0,3.0,3.0,,
362,Kangaroos,14,13.0,11.0,9.0,7.0,4.0,4.0,6.0,4.0,3.0,4.0,4.0,5.0,4.0,4.0,3.0,3.0,3.0,3.0,3.0,4.0,4.0,,
363,Geelong,7,4.0,3.0,4.0,3.0,2.0,2.0,2.0,3.0,4.0,6.0,5.0,3.0,5.0,5.0,4.0,4.0,4.0,5.0,5.0,6.0,5.0,,
364,Brisbane Lions,13,10.0,9.0,11.0,9.0,10.0,9.0,14.0,12.0,12.0,9.0,12.0,9.0,11.0,8.0,9.0,8.0,9.0,8.0,8.0,7.0,6.0,,
365,Western Bulldogs,6,9.0,5.0,3.0,5.0,9.0,10.0,12.0,11.0,8.0,8.0,6.0,6.0,7.0,7.0,6.0,6.0,6.0,6.0,6.0,5.0,7.0,,
366,Hawthorn,15,15.0,13.0,13.0,13.0,13.0,12.0,9.0,8.0,10.0,11.0,9.0,11.0,9.0,10.0,8.0,10.0,7.0,10.0,9.0,8.0,8.0,,
367,Richmond,8,11.0,12.0,12.0,11.0,11.0,11.0,8.0,7.0,6.0,3.0,3.0,4.0,3.0,3.0,7.0,7.0,8.0,7.0,7.0,9.0,9.0,,
368,Sydney,5,5.0,4.0,5.0,6.0,7.0,8.0,11.0,10.0,11.0,12.0,13.0,12.0,12.0,14.0,12.0,11.0,12.0,11.0,10.0,10.0,10.0,,
369,Adelaide,11,12.0,15.0,16.0,16.0,14.0,14.0,13.0,14.0,14.0,13.0,10.0,10.0,8.0,9.0,10.0,9.0,10.0,9.0,11.0,11.0,11.0,,
370,Fremantle,10,8.0,10.0,8.0,12.0,12.0,13.0,10.0,13.0,13.0,14.0,14.0,14.0,14.0,13.0,14.0,12.0,13.0,13.0,13.0,12.0,12.0,,
371,West Coast,3,6.0,7.0,6.0,8.0,5.0,7.0,7.0,9.0,7.0,5.0,7.0,7.0,10.0,11.0,11.0,13.0,11.0,12.0,12.0,13.0,13.0,,
372,Port Adelaide,16,16.0,16.0,14.0,14.0,15.0,15.0,15.0,15.0,15.0,16.0,16.0,15.0,15.0,15.0,15.0,15.0,15.0,15.0,15.0,15.0,14.0,,
373,Collingwood,2,3.0,2.0,2.0,2.0,3.0,3.0,5.0,6.0,9.0,10.0,11.0,13.0,13.0,12.0,13.0,14.0,14.0,14.0,14.0,14.0,15.0,,
374,St Kilda,12,14.0,14.0,15.0,15.0,16.0,16.0,16.0,16.0,16.0,15.0,15.0,16.0,16.0,16.0,16.0,16.0,16.0,16.0,16.0,16.0,16.0,,
375,[Top],,,,,,,,,,,,,,,,,,,,,,,,
376,1999 Ladder Positions (16 teams),,,,,,,,,,,,,,,,,,,,,,,,
377,Team,1,2.0,3.0,4.0,5.0,6.0,7.0,8.0,9.0,10.0,11.0,12.0,13.0,14.0,15.0,16.0,17.0,18.0,19.0,20.0,21.0,22.0,,
378,Essendon,2,1.0,1.0,3.0,3.0,2.0,3.0,4.0,5.0,2.0,2.0,2.0,2.0,2.0,2.0,1.0,1.0,1.0,1.0,1.0,1.0,1.0,,
379,*Kangaroos,10,14.0,11.0,13.0,12.0,7.0,5.0,3.0,3.0,4.0,3.0,3.0,3.0,3.0,3.0,2.0,2.0,2.0,2.0,2.0,2.0,2.0,,
380,Brisbane Lions,1,5.0,8.0,6.0,4.0,4.0,2.0,2.0,2.0,5.0,4.0,5.0,4.0,5.0,5.0,5.0,4.0,3.0,3.0,3.0,3.0,3.0,,
381,Western Bulldogs,6,8.0,9.0,12.0,9.0,12.0,10.0,7.0,6.0,6.0,6.0,4.0,5.0,4.0,4.0,4.0,3.0,5.0,4.0,4.0,4.0,4.0,,
382,West Coast,8,4.0,3.0,1.0,1.0,1.0,1.0,1.0,1.0,1.0,1.0,1.0,1.0,1.0,1.0,3.0,5.0,4.0,5.0,5.0,5.0,5.0,,
383,Carlton,15,9.0,7.0,5.0,8.0,11.0,9.0,11.0,8.0,7.0,8.0,8.0,9.0,8.0,8.0,10.0,9.0,6.0,6.0,6.0,6.0,6.0,,
384,Port Adelaide,3,2.0,2.0,4.0,6.0,9.0,12.0,8.0,11.0,11.0,10.0,14.0,11.0,9.0,9.0,6.0,6.0,7.0,7.0,7.0,7.0,7.0,,
385,Sydney,14,15.0,16.0,14.0,14.0,14.0,13.0,12.0,13.0,9.0,7.0,7.0,7.0,7.0,7.0,9.0,8.0,9.0,9.0,8.0,8.0,8.0,,
386,Hawthorn,4,6.0,5.0,7.0,10.0,6.0,11.0,14.0,14.0,13.0,12.0,9.0,12.0,13.0,14.0,14.0,14.0,13.0,13.0,11.0,9.0,9.0,,
387,St Kilda,16,12.0,13.0,10.0,13.0,8.0,6.0,5.0,4.0,3.0,5.0,6.0,6.0,6.0,6.0,7.0,7.0,8.0,8.0,9.0,10.0,10.0,,
388,Geelong,7,3.0,4.0,2.0,2.0,3.0,4.0,6.0,7.0,8.0,9.0,11.0,13.0,14.0,11.0,12.0,12.0,12.0,12.0,10.0,11.0,11.0,,
389,Richmond,12,7.0,10.0,8.0,11.0,13.0,14.0,13.0,9.0,10.0,13.0,10.0,8.0,10.0,10.0,8.0,10.0,11.0,10.0,12.0,12.0,12.0,,
390,Adelaide,11,10.0,6.0,11.0,5.0,5.0,7.0,9.0,10.0,12.0,14.0,12.0,14.0,11.0,12.0,11.0,11.0,10.0,11.0,13.0,13.0,13.0,,
391,Melbourne,5,11.0,12.0,9.0,7.0,10.0,8.0,10.0,12.0,14.0,11.0,13.0,10.0,12.0,13.0,13.0,13.0,14.0,14.0,14.0,14.0,14.0,,
392,Fremantle,9,13.0,14.0,15.0,15.0,16.0,15.0,16.0,16.0,15.0,15.0,15.0,15.0,15.0,15.0,15.0,15.0,15.0,15.0,15.0,15.0,15.0,,
393,Collingwood,13,16.0,15.0,16.0,16.0,15.0,16.0,15.0,15.0,16.0,16.0,16.0,16.0,16.0,16.0,16.0,16.0,16.0,16.0,16.0,16.0,16.0,,
394,[Top],,,,,,,,,,,,,,,,,,,,,,,,
395,1998 Ladder Positions (16 teams),,,,,,,,,,,,,,,,,,,,,,,,
396,Team,1,2.0,3.0,4.0,5.0,6.0,7.0,8.0,9.0,10.0,11.0,12.0,13.0,14.0,15.0,16.0,17.0,18.0,19.0,20.0,21.0,22.0,,
397,North Melbourne,8,10.0,6.0,3.0,6.0,6.0,7.0,5.0,3.0,4.0,4.0,7.0,7.0,6.0,6.0,3.0,3.0,2.0,2.0,1.0,1.0,1.0,,
398,Western Bulldogs,1,1.0,1.0,1.0,2.0,2.0,2.0,1.0,1.0,1.0,1.0,1.0,1.0,2.0,1.0,1.0,1.0,1.0,1.0,2.0,2.0,2.0,,
399,Sydney,7,2.0,2.0,2.0,1.0,1.0,1.0,2.0,2.0,2.0,3.0,4.0,4.0,7.0,7.0,4.0,4.0,3.0,3.0,3.0,3.0,3.0,,
400,Melbourne,14,7.0,5.0,4.0,3.0,3.0,3.0,3.0,4.0,6.0,5.0,8.0,9.0,8.0,8.0,8.0,9.0,9.0,9.0,8.0,5.0,4.0,,
401,*Adelaide,12,3.0,9.0,12.0,9.0,10.0,9.0,10.0,8.0,7.0,10.0,10.0,5.0,3.0,3.0,5.0,7.0,6.0,5.0,4.0,6.0,5.0,,
402,St Kilda,4,13.0,8.0,5.0,4.0,4.0,4.0,4.0,5.0,3.0,2.0,2.0,2.0,1.0,2.0,2.0,2.0,4.0,4.0,7.0,4.0,6.0,,
403,West Coast,9,5.0,3.0,6.0,10.0,11.0,12.0,11.0,9.0,8.0,7.0,3.0,3.0,4.0,5.0,7.0,6.0,5.0,7.0,5.0,7.0,7.0,,
404,Essendon,11,4.0,4.0,7.0,11.0,12.0,13.0,12.0,10.0,9.0,6.0,9.0,11.0,11.0,10.0,9.0,8.0,7.0,6.0,6.0,8.0,8.0,,
405,Richmond,6,9.0,7.0,10.0,7.0,8.0,8.0,6.0,7.0,5.0,8.0,6.0,6.0,5.0,4.0,6.0,5.0,8.0,8.0,9.0,9.0,9.0,,
406,Port Adelaide,10,6.0,10.0,8.0,12.0,7.0,5.0,7.0,6.0,10.0,11.0,11.0,10.0,9.0,9.0,10.0,10.0,10.0,10.0,10.0,10.0,10.0,,
407,Carlton,5,12.0,11.0,13.0,14.0,15.0,16.0,16.0,16.0,16.0,15.0,14.0,16.0,15.0,15.0,14.0,14.0,14.0,14.0,13.0,11.0,11.0,,
408,Geelong,13,8.0,13.0,14.0,15.0,13.0,10.0,9.0,12.0,12.0,9.0,5.0,8.0,10.0,11.0,12.0,12.0,12.0,11.0,11.0,12.0,12.0,,
409,Hawthorn,15,16.0,15.0,15.0,13.0,14.0,14.0,14.0,14.0,14.0,14.0,16.0,15.0,16.0,16.0,16.0,16.0,16.0,15.0,15.0,13.0,13.0,,
410,Collingwood,2,11.0,12.0,9.0,5.0,5.0,6.0,8.0,11.0,11.0,12.0,12.0,13.0,13.0,12.0,11.0,11.0,11.0,12.0,12.0,14.0,14.0,,
411,Fremantle,3,14.0,14.0,11.0,8.0,9.0,11.0,13.0,13.0,13.0,13.0,13.0,12.0,12.0,13.0,13.0,13.0,13.0,13.0,14.0,15.0,15.0,,
412,Brisbane Lions,16,15.0,16.0,16.0,16.0,16.0,15.0,15.0,15.0,15.0,16.0,15.0,14.0,14.0,14.0,15.0,15.0,15.0,16.0,16.0,16.0,16.0,,
413,[Top],,,,,,,,,,,,,,,,,,,,,,,,
414,1997 Ladder Positions (16 teams),,,,,,,,,,,,,,,,,,,,,,,,
415,Team,1,2.0,3.0,4.0,5.0,6.0,7.0,8.0,9.0,10.0,11.0,12.0,13.0,14.0,15.0,16.0,17.0,18.0,19.0,20.0,21.0,22.0,,
416,St Kilda,11,16.0,15.0,16.0,15.0,15.0,11.0,8.0,6.0,8.0,7.0,6.0,7.0,4.0,5.0,4.0,3.0,4.0,2.0,2.0,1.0,1.0,,
417,Geelong,12,10.0,12.0,11.0,7.0,4.0,3.0,2.0,3.0,1.0,3.0,4.0,2.0,2.0,1.0,1.0,1.0,1.0,3.0,1.0,2.0,2.0,,
418,Western Bulldogs,9,9.0,4.0,3.0,6.0,6.0,4.0,4.0,4.0,2.0,1.0,1.0,1.0,1.0,2.0,2.0,6.0,9.0,7.0,6.0,4.0,3.0,,
419,*Adelaide,3,8.0,10.0,13.0,12.0,13.0,8.0,6.0,5.0,3.0,2.0,2.0,4.0,3.0,3.0,3.0,2.0,2.0,1.0,3.0,3.0,4.0,,
420,West Coast,1,6.0,3.0,1.0,1.0,2.0,1.0,3.0,2.0,5.0,5.0,3.0,5.0,8.0,6.0,9.0,9.0,7.0,6.0,5.0,7.0,5.0,,
421,Sydney,16,14.0,13.0,8.0,14.0,8.0,9.0,14.0,12.0,14.0,11.0,9.0,9.0,9.0,7.0,6.0,4.0,3.0,4.0,4.0,5.0,6.0,,
422,North Melbourne,13,7.0,11.0,14.0,11.0,7.0,10.0,7.0,10.0,7.0,6.0,5.0,6.0,10.0,11.0,8.0,8.0,6.0,5.0,7.0,6.0,7.0,,
423,Brisbane Lions,14,5.0,8.0,6.0,10.0,12.0,15.0,15.0,14.0,11.0,14.0,13.0,12.0,7.0,4.0,5.0,7.0,5.0,8.0,8.0,8.0,8.0,,
424,Port Adelaide,15,15.0,14.0,12.0,8.0,5.0,7.0,11.0,9.0,6.0,9.0,7.0,3.0,6.0,9.0,7.0,5.0,8.0,9.0,9.0,9.0,9.0,,
425,Collingwood,2,1.0,2.0,5.0,2.0,1.0,2.0,1.0,1.0,4.0,4.0,8.0,11.0,13.0,10.0,13.0,11.0,11.0,12.0,11.0,12.0,10.0,,
426,Carlton,10,13.0,9.0,7.0,13.0,14.0,12.0,10.0,7.0,9.0,8.0,12.0,10.0,12.0,12.0,10.0,12.0,12.0,11.0,12.0,10.0,11.0,,
427,Fremantle,8,4.0,7.0,10.0,5.0,10.0,6.0,5.0,8.0,10.0,12.0,10.0,13.0,11.0,13.0,12.0,10.0,10.0,10.0,10.0,11.0,12.0,,
428,Richmond,5,3.0,5.0,4.0,9.0,11.0,14.0,12.0,13.0,15.0,13.0,14.0,15.0,15.0,15.0,15.0,15.0,14.0,15.0,14.0,13.0,13.0,,
429,Essendon,7,2.0,1.0,2.0,3.0,3.0,5.0,9.0,11.0,13.0,15.0,15.0,14.0,14.0,14.0,14.0,14.0,15.0,14.0,15.0,14.0,14.0,,
430,Hawthorn,6,11.0,6.0,9.0,4.0,9.0,13.0,13.0,15.0,12.0,10.0,11.0,8.0,5.0,8.0,11.0,13.0,13.0,13.0,13.0,15.0,15.0,,
431,Melbourne,4,12.0,16.0,15.0,16.0,16.0,16.0,16.0,16.0,16.0,16.0,16.0,16.0,16.0,16.0,16.0,16.0,16.0,16.0,16.0,16.0,16.0,,
432,[Top],,,,,,,,,,,,,,,,,,,,,,,,
433,1996 Ladder Positions (16 teams),,,,,,,,,,,,,,,,,,,,,,,,
434,Team,1,2.0,3.0,4.0,5.0,6.0,7.0,8.0,9.0,10.0,11.0,12.0,13.0,14.0,15.0,16.0,17.0,18.0,19.0,20.0,21.0,22.0,,
435,Sydney,15,14.0,11.0,10.0,8.0,7.0,5.0,7.0,7.0,5.0,5.0,4.0,4.0,2.0,1.0,1.0,2.0,2.0,1.0,1.0,2.0,1.0,,
436,*North Melbourne,6,1.0,1.0,2.0,3.0,2.0,4.0,3.0,1.0,1.0,2.0,2.0,1.0,1.0,3.0,3.0,1.0,1.0,2.0,2.0,4.0,2.0,,
437,Brisbane Bears,3,3.0,3.0,3.0,1.0,1.0,1.0,1.0,2.0,3.0,3.0,3.0,6.0,7.0,5.0,5.0,5.0,5.0,3.0,3.0,1.0,3.0,,
438,West Coast,4,9.0,10.0,14.0,14.0,12.0,11.0,8.0,8.0,7.0,7.0,6.0,5.0,3.0,2.0,2.0,3.0,3.0,4.0,4.0,3.0,4.0,,
439,Carlton,7,5.0,8.0,5.0,5.0,3.0,2.0,4.0,3.0,2.0,1.0,1.0,2.0,4.0,4.0,4.0,4.0,4.0,5.0,5.0,5.0,5.0,,
440,Essendon,8,10.0,6.0,9.0,11.0,11.0,10.0,6.0,6.0,6.0,6.0,7.0,7.0,6.0,7.0,7.0,7.0,7.0,7.0,7.0,7.0,6.0,,
441,Geelong,1,4.0,5.0,4.0,4.0,6.0,9.0,5.0,5.0,4.0,4.0,5.0,3.0,5.0,6.0,6.0,6.0,6.0,6.0,6.0,6.0,7.0,,
442,Hawthorn,5,11.0,12.0,11.0,12.0,13.0,13.0,13.0,13.0,13.0,10.0,10.0,10.0,10.0,9.0,8.0,9.0,9.0,8.0,9.0,9.0,8.0,,
443,Richmond,9,7.0,7.0,7.0,9.0,8.0,6.0,9.0,9.0,9.0,9.0,8.0,8.0,8.0,8.0,9.0,8.0,8.0,9.0,8.0,8.0,9.0,,
444,St Kilda,11,12.0,15.0,13.0,10.0,9.0,8.0,11.0,11.0,11.0,11.0,11.0,11.0,11.0,11.0,12.0,12.0,11.0,10.0,10.0,10.0,10.0,,
445,Collingwood,10,6.0,9.0,6.0,6.0,4.0,7.0,10.0,10.0,10.0,12.0,12.0,12.0,13.0,12.0,11.0,11.0,12.0,12.0,12.0,11.0,11.0,,
446,Adelaide,2,2.0,2.0,1.0,2.0,5.0,3.0,2.0,4.0,8.0,8.0,9.0,9.0,9.0,10.0,10.0,10.0,10.0,11.0,11.0,12.0,12.0,,
447,Fremantle,13,8.0,4.0,8.0,7.0,10.0,12.0,12.0,12.0,12.0,13.0,13.0,13.0,14.0,14.0,14.0,13.0,13.0,13.0,14.0,14.0,13.0,,
448,Melbourne,16,15.0,14.0,15.0,15.0,15.0,15.0,16.0,16.0,15.0,14.0,14.0,14.0,12.0,13.0,13.0,14.0,14.0,14.0,13.0,13.0,14.0,,
449,Footscray,14,16.0,13.0,12.0,13.0,14.0,14.0,14.0,14.0,14.0,15.0,15.0,15.0,15.0,15.0,15.0,15.0,15.0,15.0,15.0,15.0,15.0,,
450,Fitzroy,12,13.0,16.0,16.0,16.0,16.0,16.0,15.0,15.0,16.0,16.0,16.0,16.0,16.0,16.0,16.0,16.0,16.0,16.0,16.0,16.0,16.0,,
451,[Top],,,,,,,,,,,,,,,,,,,,,,,,
452,1995 Ladder Positions (16 teams),,,,,,,,,,,,,,,,,,,,,,,,
453,Team,1,2.0,3.0,4.0,5.0,6.0,7.0,8.0,9.0,10.0,11.0,12.0,13.0,14.0,15.0,16.0,17.0,18.0,19.0,20.0,21.0,22.0,,
454,*Carlton,4,1.0,1.0,1.0,1.0,1.0,1.0,1.0,4.0,3.0,3.0,2.0,1.0,1.0,1.0,1.0,1.0,1.0,1.0,1.0,1.0,1.0,,
455,Geelong,6,7.0,5.0,5.0,5.0,4.0,4.0,4.0,3.0,2.0,2.0,3.0,3.0,2.0,3.0,3.0,2.0,4.0,2.0,3.0,3.0,2.0,,
456,Richmond,7,5.0,4.0,2.0,2.0,2.0,2.0,2.0,1.0,1.0,1.0,1.0,2.0,3.0,2.0,2.0,3.0,2.0,4.0,4.0,4.0,3.0,,
457,Essendon,1,2.0,3.0,3.0,3.0,3.0,3.0,3.0,2.0,4.0,4.0,4.0,5.0,5.0,4.0,4.0,4.0,3.0,3.0,2.0,2.0,4.0,,
458,West Coast,3,3.0,2.0,4.0,4.0,5.0,5.0,5.0,5.0,5.0,5.0,5.0,6.0,6.0,6.0,5.0,5.0,5.0,5.0,5.0,5.0,5.0,,
459,North Melbourne,8,6.0,7.0,11.0,12.0,10.0,7.0,6.0,6.0,6.0,6.0,6.0,4.0,4.0,5.0,6.0,6.0,6.0,6.0,6.0,6.0,6.0,,
460,Footscray,5,4.0,8.0,6.0,6.0,6.0,8.0,8.0,10.0,11.0,13.0,12.0,11.0,8.0,8.0,7.0,7.0,7.0,7.0,7.0,7.0,7.0,,
461,Brisbane Bears,15,9.0,6.0,10.0,11.0,12.0,12.0,12.0,13.0,14.0,12.0,13.0,14.0,14.0,14.0,14.0,12.0,12.0,12.0,10.0,10.0,8.0,,
462,Melbourne,11,13.0,13.0,14.0,14.0,15.0,14.0,14.0,12.0,8.0,11.0,9.0,9.0,7.0,7.0,8.0,8.0,8.0,8.0,8.0,8.0,9.0,,
463,Collingwood,13,14.0,14.0,13.0,13.0,14.0,13.0,13.0,14.0,12.0,10.0,10.0,7.0,9.0,9.0,9.0,10.0,9.0,9.0,9.0,9.0,10.0,,
464,Adelaide,9,12.0,9.0,8.0,10.0,9.0,10.0,11.0,9.0,9.0,8.0,7.0,10.0,11.0,11.0,11.0,11.0,10.0,10.0,11.0,11.0,11.0,,
465,Sydney,12,11.0,12.0,12.0,8.0,11.0,11.0,9.0,11.0,13.0,14.0,14.0,13.0,13.0,12.0,12.0,13.0,14.0,13.0,12.0,13.0,12.0,,
466,Fremantle,10,10.0,11.0,9.0,9.0,7.0,9.0,10.0,7.0,7.0,7.0,8.0,12.0,12.0,13.0,13.0,14.0,13.0,14.0,14.0,12.0,13.0,,
467,St Kilda,14,15.0,15.0,15.0,16.0,16.0,15.0,16.0,15.0,16.0,16.0,16.0,15.0,15.0,15.0,15.0,15.0,15.0,15.0,15.0,15.0,14.0,,
468,Hawthorn,2,8.0,10.0,7.0,7.0,8.0,6.0,7.0,8.0,10.0,9.0,11.0,8.0,10.0,10.0,10.0,9.0,11.0,11.0,13.0,14.0,15.0,,
469,Fitzroy,16,16.0,16.0,16.0,15.0,13.0,16.0,15.0,16.0,15.0,15.0,15.0,16.0,16.0,16.0,16.0,16.0,16.0,16.0,16.0,16.0,16.0,,
470,[Top],,,,,,,,,,,,,,,,,,,,,,,,
471,1994 Ladder Positions (15 teams),,,,,,,,,,,,,,,,,,,,,,,,
472,Team,1,2.0,3.0,4.0,5.0,6.0,7.0,8.0,9.0,10.0,11.0,12.0,13.0,14.0,15.0,16.0,17.0,18.0,19.0,20.0,21.0,22.0,23.0,24.0
473,*West Coast,10,6.0,4.0,4.0,4.0,2.0,2.0,1.0,1.0,1.0,1.0,1.0,1.0,1.0,1.0,1.0,1.0,1.0,1.0,1.0,1.0,1.0,2.0,1.0
474,Carlton,15,14.0,10.0,6.0,7.0,5.0,6.0,7.0,6.0,6.0,4.0,4.0,3.0,2.0,2.0,2.0,2.0,2.0,2.0,2.0,2.0,2.0,1.0,2.0
475,North Melbourne,8†,1.0,1.0,1.0,2.0,4.0,3.0,3.0,2.0,3.0,2.0,2.0,2.0,3.0,4.0,5.0,3.0,3.0,3.0,3.0,3.0,6.0,4.0,3.0
476,Geelong,14,7.0,7.0,10.0,9.0,9.0,8.0,4.0,4.0,4.0,8.0,6.0,6.0,8.0,11.0,8.0,11.0,10.0,6.0,8.0,5.0,8.0,5.0,4.0
477,Footscray,7,12.0,11.0,13.0,11.0,11.0,9.0,9.0,10.0,10.0,10.0,10.0,9.0,5.0,7.0,9.0,8.0,5.0,8.0,6.0,4.0,3.0,3.0,5.0
478,Hawthorn,3,9.0,14.0,15.0,13.0,12.0,11.0,8.0,5.0,7.0,5.0,3.0,4.0,4.0,3.0,3.0,4.0,4.0,7.0,7.0,6.0,9.0,6.0,6.0
479,Melbourne,2,2.0,2.0,2.0,1.0,1.0,1.0,2.0,3.0,2.0,3.0,5.0,7.0,11.0,9.0,10.0,9.0,9.0,5.0,5.0,9.0,7.0,9.0,7.0
480,Collingwood,5,3.0,3.0,3.0,3.0,6.0,7.0,5.0,7.0,5.0,6.0,8.0,5.0,7.0,5.0,4.0,7.0,8.0,9.0,9.0,7.0,4.0,7.0,8.0
481,Richmond,9,4.0,9.0,12.0,8.0,8.0,5.0,10.0,11.0,11.0,12.0,11.0,11.0,9.0,8.0,6.0,5.0,6.0,4.0,4.0,8.0,5.0,8.0,9.0
482,Essendon,6,10.0,8.0,11.0,10.0,10.0,12.0,11.0,8.0,8.0,7.0,7.0,8.0,6.0,6.0,7.0,6.0,7.0,10.0,10.0,10.0,10.0,10.0,10.0
483,Adelaide,1,5.0,5.0,5.0,5.0,3.0,4.0,6.0,9.0,9.0,9.0,9.0,10.0,10.0,10.0,12.0,10.0,12.0,12.0,12.0,12.0,12.0,11.0,11.0
484,Brisbane Bears,4,11.0,12.0,7.0,12.0,13.0,14.0,14.0,15.0,13.0,11.0,12.0,12.0,12.0,12.0,11.0,12.0,11.0,11.0,11.0,11.0,11.0,12.0,12.0
485,St Kilda,13,15.0,13.0,14.0,15.0,15.0,13.0,13.0,13.0,14.0,13.0,14.0,14.0,14.0,14.0,14.0,14.0,13.0,13.0,14.0,14.0,13.0,13.0,13.0
486,Fitzroy,11,8.0,6.0,8.0,6.0,7.0,10.0,12.0,12.0,12.0,14.0,13.0,13.0,13.0,13.0,13.0,13.0,14.0,14.0,13.0,13.0,14.0,14.0,14.0
487,Sydney,12,13.0,15.0,9.0,14.0,14.0,15.0,15.0,14.0,15.0,15.0,15.0,15.0,15.0,15.0,15.0,15.0,15.0,15.0,15.0,15.0,15.0,15.0,15.0
488,[Top],,,,,,,,,,,,,,,,,,,,,,,,
489,1993 Ladder Positions (15 teams),,,,,,,,,,,,,,,,,,,,,,,,
490,Team,1,2.0,3.0,4.0,5.0,6.0,7.0,8.0,9.0,10.0,11.0,12.0,13.0,14.0,15.0,16.0,17.0,18.0,19.0,20.0,21.0,22.0,,
491,*Essendon,10,12.0,13.0,10.0,11.0,10.0,11.0,8.0,7.0,5.0,3.0,6.0,4.0,3.0,7.0,6.0,3.0,2.0,1.0,1.0,2.0,1.0,,
492,Carlton,9,11.0,9.0,9.0,6.0,9.0,5.0,10.0,10.0,10.0,7.0,5.0,5.0,4.0,3.0,3.0,4.0,3.0,2.0,4.0,3.0,2.0,,
493,North Melbourne,5,6.0,5.0,3.0,1.0,1.0,1.0,2.0,1.0,1.0,1.0,1.0,1.0,1.0,1.0,1.0,2.0,4.0,4.0,3.0,1.0,3.0,,
494,Hawthorn,2,2.0,3.0,8.0,10.0,5.0,4.0,5.0,5.0,2.0,4.0,2.0,3.0,2.0,2.0,2.0,1.0,1.0,5.0,6.0,5.0,4.0,,
495,Adelaide,1,1.0,1.0,1.0,3.0,4.0,7.0,6.0,9.0,8.0,5.0,8.0,6.0,6.0,4.0,4.0,5.0,5.0,7.0,5.0,6.0,5.0,,
496,West Coast,6,7.0,4.0,2.0,2.0,2.0,2.0,3.0,3.0,3.0,2.0,3.0,2.0,5.0,6.0,7.0,7.0,6.0,3.0,2.0,4.0,6.0,,
497,Geelong,3,5.0,10.0,7.0,7.0,8.0,10.0,9.0,8.0,7.0,9.0,7.0,9.0,8.0,10.0,10.0,9.0,9.0,8.0,8.0,7.0,7.0,,
498,Collingwood,4,3.0,2.0,5.0,5.0,3.0,3.0,1.0,2.0,4.0,6.0,4.0,8.0,7.0,5.0,5.0,6.0,7.0,6.0,7.0,8.0,8.0,,
499,Footscray,12,8.0,7.0,6.0,4.0,7.0,9.0,7.0,6.0,9.0,10.0,9.0,7.0,9.0,8.0,8.0,10.0,10.0,10.0,10.0,10.0,9.0,,
500,Melbourne,14,13.0,14.0,14.0,13.0,12.0,13.0,13.0,11.0,11.0,11.0,10.0,10.0,10.0,9.0,9.0,8.0,8.0,9.0,9.0,9.0,10.0,,
501,Fitzroy,7,4.0,8.0,11.0,9.0,11.0,6.0,4.0,4.0,6.0,8.0,11.0,11.0,11.0,11.0,11.0,12.0,12.0,12.0,12.0,11.0,11.0,,
502,St Kilda,13,9.0,6.0,4.0,8.0,6.0,8.0,11.0,13.0,13.0,12.0,13.0,12.0,12.0,12.0,12.0,11.0,11.0,11.0,11.0,12.0,12.0,,
503,Brisbane Bears,11,14.0,11.0,13.0,14.0,13.0,14.0,12.0,12.0,12.0,14.0,14.0,14.0,14.0,14.0,14.0,14.0,14.0,14.0,13.0,13.0,13.0,,
504,Richmond,15,10.0,12.0,12.0,12.0,14.0,12.0,14.0,14.0,14.0,13.0,12.0,13.0,13.0,13.0,13.0,13.0,13.0,13.0,14.0,14.0,14.0,,
505,Sydney,8†,15.0,15.0,15.0,15.0,15.0,15.0,15.0,15.0,15.0,15.0,15.0,15.0,15.0,15.0,15.0,15.0,15.0,15.0,15.0,15.0,15.0,,
506,[Top],,,,,,,,,,,,,,,,,,,,,,,,
507,1992 Ladder Positions (15 teams),,,,,,,,,,,,,,,,,,,,,,,,
508,Team,1,2.0,3.0,4.0,5.0,6.0,7.0,8.0,9.0,10.0,11.0,12.0,13.0,14.0,15.0,16.0,17.0,18.0,19.0,20.0,21.0,22.0,23.0,24.0
509,Geelong,13,11.0,11.0,5.0,5.0,4.0,3.0,1.0,1.0,3.0,2.0,2.0,2.0,1.0,1.0,1.0,1.0,1.0,2.0,2.0,1.0,1.0,1.0,1.0
510,Footscray,2,4.0,3.0,3.0,2.0,1.0,1.0,2.0,2.0,1.0,1.0,1.0,1.0,2.0,2.0,2.0,2.0,3.0,3.0,1.0,2.0,3.0,2.0,2.0
511,Collingwood,11†,2.0,1.0,1.0,1.0,2.0,2.0,3.0,3.0,2.0,3.0,5.0,4.0,4.0,4.0,3.0,3.0,2.0,1.0,3.0,4.0,5.0,3.0,3.0
512,*West Coast,5†,10.0,6.0,9.0,11.0,6.0,10.0,8.0,8.0,8.0,6.0,3.0,6.0,5.0,5.0,4.0,4.0,4.0,4.0,4.0,3.0,2.0,4.0,4.0
513,Hawthorn,3,8.0,4.0,6.0,9.0,7.0,5.0,6.0,4.0,5.0,8.0,8.0,7.0,8.0,6.0,6.0,7.0,7.0,7.0,7.0,7.0,6.0,7.0,5.0
514,St Kilda,4,9.0,13.0,7.0,4.0,8.0,6.0,5.0,5.0,4.0,7.0,4.0,3.0,3.0,3.0,5.0,5.0,5.0,5.0,5.0,6.0,7.0,6.0,6.0
515,Carlton,1,5.0,2.0,2.0,3.0,3.0,4.0,4.0,7.0,6.0,4.0,6.0,5.0,6.0,7.0,7.0,6.0,6.0,6.0,6.0,5.0,4.0,5.0,7.0
516,Essendon,12,13.0,12.0,15.0,10.0,9.0,7.0,11.0,11.0,11.0,9.0,9.0,9.0,9.0,9.0,9.0,8.0,8.0,8.0,8.0,8.0,8.0,8.0,8.0
517,Adelaide,14,12.0,10.0,10.0,7.0,5.0,8.0,12.0,12.0,12.0,10.0,10.0,10.0,10.0,10.0,10.0,10.0,10.0,10.0,9.0,9.0,9.0,9.0,9.0
518,Fitzroy,10†,3.0,7.0,4.0,6.0,11.0,9.0,7.0,6.0,7.0,5.0,7.0,8.0,7.0,8.0,8.0,9.0,9.0,9.0,10.0,10.0,10.0,10.0,10.0
519,Melbourne,9†,6.0,8.0,11.0,14.0,14.0,13.0,13.0,14.0,13.0,14.0,14.0,14.0,14.0,14.0,13.0,13.0,12.0,11.0,11.0,11.0,11.0,11.0,11.0
520,North Melbourne,8,1.0,5.0,8.0,13.0,10.0,12.0,10.0,10.0,10.0,12.0,12.0,13.0,11.0,12.0,11.0,11.0,11.0,12.0,12.0,12.0,12.0,12.0,12.0
521,Richmond,7†,15.0,15.0,14.0,15.0,15.0,15.0,15.0,13.0,14.0,13.0,13.0,12.0,13.0,11.0,12.0,12.0,13.0,13.0,13.0,13.0,13.0,14.0,13.0
522,Brisbane Bears,15,14.0,14.0,13.0,12.0,13.0,14.0,14.0,15.0,15.0,15.0,15.0,15.0,15.0,15.0,15.0,15.0,15.0,15.0,15.0,15.0,15.0,13.0,14.0
523,Sydney,6†,7.0,9.0,12.0,8.0,12.0,11.0,9.0,9.0,9.0,11.0,11.0,11.0,12.0,13.0,14.0,14.0,14.0,14.0,14.0,14.0,14.0,15.0,15.0
524,[Top],,,,,,,,,,,,,,,,,,,,,,,,
525,1991 Ladder Positions (15 teams),,,,,,,,,,,,,,,,,,,,,,,,
526,Team,1,2.0,3.0,4.0,5.0,6.0,7.0,8.0,9.0,10.0,11.0,12.0,13.0,14.0,15.0,16.0,17.0,18.0,19.0,20.0,21.0,22.0,23.0,24.0
527,West Coast,1,1.0,1.0,1.0,1.0,1.0,1.0,1.0,1.0,1.0,1.0,1.0,1.0,1.0,1.0,1.0,1.0,1.0,1.0,1.0,1.0,1.0,1.0,1.0
528,*Hawthorn,14,9.0,7.0,4.0,7.0,5.0,7.0,5.0,5.0,3.0,6.0,7.0,6.0,6.0,5.0,4.0,3.0,3.0,3.0,3.0,2.0,3.0,2.0,2.0
529,Geelong,7,4.0,3.0,2.0,2.0,3.0,4.0,6.0,6.0,7.0,7.0,4.0,4.0,4.0,2.0,2.0,2.0,2.0,2.0,2.0,3.0,2.0,3.0,3.0
530,St Kilda,4,10.0,8.0,7.0,5.0,9.0,5.0,4.0,4.0,6.0,4.0,3.0,3.0,3.0,4.0,3.0,5.0,6.0,6.0,6.0,6.0,5.0,4.0,4.0
531,Melbourne,15,7.0,10.0,8.0,6.0,4.0,3.0,3.0,2.0,4.0,5.0,6.0,7.0,9.0,8.0,9.0,7.0,7.0,7.0,7.0,8.0,8.0,7.0,5.0
532,Essendon,9,5.0,4.0,3.0,3.0,2.0,2.0,2.0,3.0,2.0,2.0,2.0,2.0,2.0,3.0,5.0,6.0,4.0,5.0,4.0,4.0,4.0,5.0,6.0
533,Collingwood,3,8.0,5.0,6.0,4.0,7.0,6.0,8.0,10.0,11.0,11.0,12.0,11.0,10.0,10.0,7.0,9.0,8.0,8.0,8.0,7.0,7.0,6.0,7.0
534,North Melbourne,6,2.0,9.0,11.0,12.0,10.0,9.0,7.0,7.0,5.0,3.0,5.0,5.0,5.0,6.0,6.0,4.0,5.0,4.0,5.0,5.0,6.0,8.0,8.0
535,Adelaide,2,6.0,6.0,9.0,10.0,8.0,11.0,12.0,12.0,9.0,10.0,10.0,8.0,7.0,9.0,10.0,8.0,9.0,9.0,9.0,9.0,9.0,9.0,9.0
536,Footscray,13,13.0,14.0,12.0,9.0,11.0,10.0,11.0,9.0,10.0,8.0,9.0,9.0,11.0,11.0,11.0,11.0,11.0,10.0,11.0,10.0,10.0,10.0,10.0
537,Carlton,10,3.0,2.0,5.0,8.0,6.0,8.0,10.0,8.0,8.0,9.0,8.0,10.0,8.0,7.0,8.0,10.0,10.0,11.0,10.0,11.0,11.0,11.0,11.0
538,Sydney,5,14.0,12.0,10.0,11.0,13.0,12.0,9.0,11.0,12.0,12.0,13.0,12.0,12.0,12.0,12.0,13.0,12.0,12.0,12.0,12.0,12.0,12.0,12.0
539,Richmond,12,11.0,11.0,13.0,13.0,12.0,13.0,13.0,13.0,13.0,13.0,11.0,13.0,13.0,13.0,13.0,12.0,13.0,13.0,13.0,13.0,13.0,13.0,13.0
540,Fitzroy,8,15.0,15.0,15.0,15.0,15.0,15.0,15.0,15.0,14.0,14.0,14.0,14.0,14.0,15.0,15.0,15.0,15.0,15.0,15.0,15.0,15.0,15.0,14.0
541,Brisbane Bears,11,12.0,13.0,14.0,14.0,14.0,14.0,14.0,14.0,15.0,15.0,15.0,15.0,15.0,14.0,14.0,14.0,14.0,14.0,14.0,14.0,14.0,14.0,15.0
