team,1,2,3,4,5,6,7,8,9,10,11,12,13,14,15,16,17,18,19,20,21,22,23,24,year
Richmond,7.0,12.0,9.0,3.0,1.0,1.0,1.0,1.0,2.0,2.0,2.0,2.0,1.0,1.0,1.0,1.0,1.0,1.0,1.0,1.0,1.0,1.0,1.0,,2018
West Coast,14.0,8.0,5.0,2.0,2.0,2.0,2.0,2.0,1.0,1.0,1.0,1.0,2.0,3.0,3.0,3.0,2.0,2.0,2.0,2.0,2.0,2.0,2.0,,2018
Collingwood,16.0,16.0,14.0,10.0,5.0,10.0,9.0,11.0,10.0,8.0,7.0,6.0,6.0,4.0,2.0,2.0,3.0,3.0,3.0,6.0,5.0,3.0,3.0,,2018
Hawthorn,3.0,4.0,8.0,4.0,7.0,4.0,4.0,5.0,9.0,10.0,10.0,11.0,9.0,9.0,10.0,8.0,10.0,8.0,7.0,5.0,4.0,4.0,4.0,,2018
Melbourne,10.0,6.0,4.0,12.0,14.0,12.0,10.0,6.0,3.0,3.0,3.0,5.0,4.0,6.0,7.0,6.0,6.0,7.0,6.0,4.0,7.0,7.0,5.0,,2018
Sydney,5.0,9.0,7.0,6.0,10.0,7.0,8.0,7.0,5.0,4.0,4.0,3.0,3.0,2.0,4.0,5.0,4.0,4.0,9.0,8.0,6.0,5.0,6.0,,2018
Greater Western Sydney,1.0,1.0,2.0,1.0,3.0,3.0,5.0,9.0,11.0,11.0,11.0,9.0,10.0,10.0,6.0,10.0,7.0,6.0,5.0,3.0,3.0,6.0,7.0,,2018
Geelong,9.0,10.0,12.0,8.0,6.0,9.0,6.0,3.0,8.0,6.0,5.0,4.0,5.0,7.0,8.0,7.0,8.0,9.0,8.0,9.0,9.0,8.0,8.0,,2018
North Melbourne,15.0,5.0,11.0,7.0,4.0,8.0,7.0,10.0,7.0,5.0,6.0,7.0,8.0,8.0,9.0,9.0,9.0,10.0,10.0,10.0,10.0,10.0,9.0,,2018
Port Adelaide,2.0,2.0,1.0,5.0,9.0,6.0,11.0,8.0,6.0,9.0,8.0,8.0,7.0,5.0,5.0,4.0,5.0,5.0,4.0,7.0,8.0,9.0,10.0,,2018
Essendon,8.0,11.0,13.0,11.0,13.0,14.0,15.0,15.0,14.0,12.0,12.0,12.0,13.0,12.0,12.0,12.0,12.0,11.0,11.0,11.0,11.0,11.0,11.0,,2018
Adelaide,11.0,7.0,3.0,9.0,8.0,5.0,3.0,4.0,4.0,7.0,9.0,10.0,11.0,11.0,11.0,11.0,11.0,12.0,12.0,12.0,12.0,12.0,12.0,,2018
Western Bulldogs,18.0,18.0,16.0,15.0,16.0,15.0,14.0,13.0,13.0,14.0,14.0,14.0,14.0,14.0,14.0,14.0,14.0,14.0,14.0,14.0,14.0,13.0,13.0,,2018
Fremantle,17.0,14.0,10.0,13.0,11.0,11.0,12.0,12.0,12.0,13.0,13.0,13.0,12.0,13.0,13.0,13.0,13.0,13.0,13.0,13.0,13.0,14.0,14.0,,2018
Brisbane Lions,13.0,15.0,17.0,17.0,17.0,17.0,17.0,18.0,17.0,17.0,17.0,17.0,17.0,17.0,17.0,16.0,16.0,16.0,16.0,16.0,16.0,15.0,15.0,,2018
St Kilda,6.0,13.0,15.0,16.0,15.0,16.0,16.0,16.0,16.0,16.0,16.0,16.0,16.0,16.0,15.0,15.0,15.0,15.0,15.0,15.0,15.0,16.0,16.0,,2018
Gold Coast,4.0,3.0,6.0,14.0,12.0,13.0,13.0,14.0,15.0,15.0,15.0,15.0,15.0,15.0,16.0,17.0,17.0,17.0,17.0,17.0,17.0,17.0,17.0,,2018
Carlton,12.0,17.0,18.0,18.0,18.0,18.0,18.0,17.0,18.0,18.0,18.0,18.0,18.0,18.0,18.0,18.0,18.0,18.0,18.0,18.0,18.0,18.0,18.0,,2018
Adelaide,1.0,2.0,1.0,2.0,1.0,1.0,1.0,1.0,1.0,1.0,2.0,1.0,1.0,2.0,2.0,1.0,1.0,1.0,1.0,1.0,1.0,1.0,1.0,,2017
Geelong,2.0,7.0,3.0,1.0,2.0,3.0,3.0,5.0,3.0,3.0,3.0,3.0,3.0,3.0,3.0,3.0,2.0,2.0,2.0,4.0,3.0,3.0,2.0,,2017
Richmond,3.0,3.0,2.0,3.0,3.0,4.0,6.0,7.0,7.0,5.0,4.0,4.0,6.0,6.0,4.0,6.0,5.0,4.0,4.0,3.0,4.0,4.0,3.0,,2017
Greater Western Sydney,18.0,9.0,5.0,4.0,4.0,2.0,2.0,2.0,2.0,2.0,1.0,2.0,2.0,1.0,1.0,2.0,3.0,3.0,3.0,2.0,2.0,2.0,4.0,,2017
Port Adelaide,5.0,1.0,4.0,7.0,6.0,5.0,7.0,4.0,6.0,8.0,5.0,5.0,4.0,4.0,5.0,4.0,4.0,5.0,5.0,5.0,6.0,5.0,5.0,,2017
Sydney,14.0,15.0,16.0,16.0,18.0,18.0,17.0,15.0,12.0,15.0,16.0,14.0,12.0,10.0,9.0,8.0,6.0,6.0,6.0,6.0,5.0,6.0,6.0,,2017
Essendon,7.0,6.0,7.0,11.0,8.0,10.0,12.0,11.0,10.0,11.0,12.0,7.0,8.0,11.0,11.0,10.0,10.0,8.0,10.0,8.0,10.0,8.0,7.0,,2017
West Coast,4.0,5.0,6.0,5.0,7.0,6.0,4.0,3.0,4.0,6.0,7.0,9.0,7.0,7.0,7.0,9.0,8.0,9.0,8.0,9.0,8.0,9.0,8.0,,2017
Melbourne,6.0,4.0,8.0,8.0,10.0,8.0,10.0,10.0,11.0,9.0,9.0,6.0,5.0,5.0,6.0,5.0,7.0,7.0,7.0,10.0,7.0,7.0,9.0,,2017
Western Bulldogs,8.0,8.0,9.0,6.0,5.0,7.0,5.0,8.0,8.0,4.0,6.0,8.0,9.0,9.0,10.0,11.0,11.0,10.0,9.0,7.0,9.0,11.0,10.0,,2017
St Kilda,13.0,13.0,10.0,10.0,11.0,9.0,8.0,6.0,9.0,10.0,11.0,12.0,10.0,8.0,8.0,7.0,9.0,11.0,11.0,11.0,11.0,10.0,11.0,,2017
Hawthorn,12.0,14.0,18.0,18.0,15.0,17.0,16.0,14.0,17.0,14.0,15.0,17.0,17.0,16.0,13.0,13.0,13.0,12.0,12.0,13.0,12.0,12.0,12.0,,2017
Collingwood,11.0,11.0,12.0,13.0,13.0,12.0,15.0,17.0,13.0,12.0,10.0,11.0,13.0,13.0,15.0,15.0,14.0,13.0,13.0,12.0,13.0,13.0,13.0,,2017
Fremantle,17.0,18.0,15.0,12.0,9.0,11.0,9.0,9.0,5.0,7.0,8.0,10.0,11.0,12.0,14.0,12.0,12.0,14.0,14.0,14.0,14.0,14.0,14.0,,2017
North Melbourne,15.0,12.0,17.0,17.0,17.0,15.0,14.0,16.0,14.0,13.0,13.0,15.0,16.0,17.0,17.0,17.0,17.0,17.0,16.0,16.0,16.0,17.0,15.0,,2017
Carlton,16.0,16.0,14.0,14.0,16.0,14.0,13.0,13.0,16.0,17.0,17.0,16.0,15.0,15.0,16.0,16.0,16.0,16.0,17.0,17.0,17.0,15.0,16.0,,2017
Gold Coast,10.0,17.0,11.0,9.0,12.0,13.0,11.0,12.0,15.0,16.0,14.0,13.0,14.0,14.0,12.0,14.0,15.0,15.0,15.0,15.0,15.0,16.0,17.0,,2017
Brisbane Lions,9.0,10.0,13.0,15.0,14.0,16.0,18.0,18.0,18.0,18.0,18.0,18.0,18.0,18.0,18.0,18.0,18.0,18.0,18.0,18.0,18.0,18.0,18.0,,2017
Sydney,2.0,2.0,1.0,3.0,3.0,3.0,3.0,4.0,4.0,2.0,2.0,3.0,2.0,2.0,4.0,2.0,5.0,3.0,3.0,2.0,2.0,1.0,1.0,,2016
Geelong,5.0,6.0,5.0,4.0,4.0,2.0,2.0,2.0,2.0,3.0,3.0,2.0,1.0,3.0,2.0,6.0,7.0,4.0,4.0,5.0,4.0,3.0,2.0,,2016
Hawthorn,14.0,7.0,9.0,8.0,5.0,8.0,6.0,6.0,7.0,7.0,5.0,5.0,4.0,1.0,1.0,1.0,1.0,1.0,1.0,1.0,1.0,4.0,3.0,,2016
Greater Western Sydney,10.0,9.0,11.0,9.0,6.0,5.0,5.0,3.0,3.0,4.0,6.0,6.0,5.0,4.0,3.0,7.0,4.0,2.0,2.0,4.0,5.0,5.0,4.0,,2016
Adelaide,11.0,5.0,6.0,7.0,9.0,7.0,8.0,8.0,8.0,8.0,8.0,7.0,8.0,6.0,5.0,3.0,2.0,6.0,5.0,3.0,3.0,2.0,5.0,,2016
West Coast,4.0,8.0,7.0,6.0,8.0,6.0,7.0,7.0,6.0,5.0,7.0,8.0,7.0,8.0,8.0,5.0,6.0,5.0,6.0,6.0,6.0,6.0,6.0,,2016
Western Bulldogs,1.0,1.0,4.0,2.0,2.0,4.0,4.0,5.0,5.0,6.0,4.0,4.0,6.0,7.0,6.0,4.0,3.0,7.0,7.0,7.0,7.0,7.0,7.0,,2016
North Melbourne,8.0,4.0,3.0,1.0,1.0,1.0,1.0,1.0,1.0,1.0,1.0,1.0,3.0,5.0,7.0,8.0,8.0,8.0,8.0,8.0,8.0,8.0,8.0,,2016
St Kilda,13.0,18.0,13.0,12.0,13.0,12.0,13.0,14.0,13.0,13.0,13.0,12.0,12.0,12.0,13.0,12.0,10.0,9.0,10.0,9.0,10.0,9.0,9.0,,2016
Port Adelaide,6.0,12.0,8.0,11.0,12.0,11.0,10.0,10.0,10.0,10.0,9.0,9.0,9.0,9.0,9.0,9.0,9.0,10.0,9.0,10.0,11.0,11.0,10.0,,2016
Melbourne,9.0,11.0,10.0,10.0,10.0,9.0,9.0,9.0,9.0,9.0,11.0,10.0,10.0,10.0,10.0,10.0,11.0,11.0,11.0,11.0,9.0,10.0,11.0,,2016
Collingwood,17.0,14.0,14.0,15.0,11.0,13.0,14.0,12.0,11.0,12.0,12.0,14.0,14.0,14.0,11.0,11.0,12.0,12.0,12.0,12.0,12.0,12.0,12.0,,2016
Richmond,7.0,10.0,12.0,13.0,14.0,15.0,15.0,15.0,14.0,14.0,14.0,13.0,13.0,11.0,12.0,13.0,13.0,13.0,13.0,13.0,13.0,13.0,13.0,,2016
Carlton,12.0,15.0,17.0,18.0,15.0,14.0,12.0,11.0,12.0,11.0,10.0,11.0,11.0,13.0,14.0,14.0,14.0,14.0,15.0,15.0,15.0,14.0,14.0,,2016
Gold Coast,3.0,3.0,2.0,5.0,7.0,10.0,11.0,13.0,15.0,15.0,15.0,15.0,16.0,16.0,15.0,15.0,15.0,15.0,14.0,14.0,14.0,15.0,15.0,,2016
Fremantle,18.0,17.0,16.0,17.0,18.0,18.0,18.0,18.0,18.0,18.0,16.0,16.0,15.0,15.0,16.0,16.0,16.0,16.0,16.0,16.0,16.0,16.0,16.0,,2016
Brisbane Lions,15.0,16.0,18.0,14.0,16.0,16.0,16.0,16.0,16.0,16.0,17.0,17.0,17.0,17.0,17.0,17.0,17.0,17.0,17.0,17.0,17.0,17.0,17.0,,2016
Essendon,16.0,13.0,15.0,16.0,17.0,17.0,17.0,17.0,17.0,17.0,18.0,18.0,18.0,18.0,18.0,18.0,18.0,18.0,18.0,18.0,18.0,18.0,18.0,,2016
Fremantle,9.0,4.0,3.0,1.0,1.0,1.0,1.0,1.0,1.0,1.0,1.0,1.0,1.0,1.0,1.0,1.0,1.0,1.0,1.0,1.0,1.0,1.0,1.0,,2015
West Coast,11.0,7.0,10.0,8.0,5.0,2.0,2.0,2.0,2.0,3.0,3.0,2.0,2.0,2.0,2.0,2.0,2.0,2.0,2.0,2.0,2.0,2.0,2.0,,2015
Hawthorn,2.0,6.0,4.0,7.0,4.0,8.0,6.0,7.0,6.0,6.0,6.0,5.0,4.0,4.0,4.0,3.0,3.0,3.0,3.0,3.0,3.0,3.0,3.0,,2015
Sydney,5.0,2.0,2.0,4.0,6.0,4.0,3.0,3.0,3.0,2.0,2.0,3.0,3.0,3.0,3.0,4.0,4.0,4.0,5.0,5.0,4.0,4.0,4.0,,2015
Richmond,3.0,9.0,5.0,9.0,11.0,13.0,10.0,8.0,8.0,8.0,8.0,8.0,6.0,6.0,5.0,5.0,5.0,6.0,7.0,6.0,5.0,5.0,5.0,,2015
Western Bulldogs,8.0,5.0,9.0,6.0,3.0,7.0,8.0,11.0,9.0,11.0,11.0,9.0,8.0,7.0,6.0,6.0,6.0,5.0,4.0,4.0,6.0,6.0,6.0,,2015
Adelaide,1.0,1.0,1.0,5.0,7.0,5.0,4.0,6.0,7.0,7.0,7.0,7.0,7.0,8.0,9.0,8.0,7.0,9.0,9.0,8.0,8.0,7.0,7.0,,2015
North Melbourne,18.0,10.0,11.0,10.0,12.0,9.0,9.0,12.0,13.0,12.0,12.0,11.0,11.0,11.0,10.0,10.0,8.0,7.0,6.0,7.0,7.0,8.0,8.0,,2015
Port Adelaide,10.0,15.0,13.0,13.0,10.0,10.0,12.0,13.0,11.0,9.0,10.0,12.0,12.0,12.0,12.0,12.0,12.0,12.0,12.0,12.0,10.0,9.0,9.0,,2015
Geelong,17.0,18.0,15.0,16.0,14.0,12.0,13.0,10.0,12.0,10.0,9.0,10.0,10.0,10.0,11.0,11.0,10.0,8.0,8.0,9.0,9.0,11.0,10.0,,2015
Greater Western Sydney,7.0,3.0,7.0,2.0,8.0,6.0,5.0,4.0,5.0,5.0,5.0,6.0,9.0,9.0,8.0,7.0,9.0,10.0,10.0,10.0,11.0,10.0,11.0,,2015
Collingwood,6.0,12.0,6.0,3.0,2.0,3.0,7.0,5.0,4.0,4.0,4.0,4.0,5.0,5.0,7.0,9.0,11.0,11.0,11.0,11.0,12.0,12.0,12.0,,2015
Melbourne,4.0,13.0,12.0,12.0,13.0,15.0,15.0,14.0,15.0,15.0,15.0,15.0,15.0,15.0,15.0,15.0,15.0,14.0,14.0,14.0,14.0,14.0,13.0,,2015
St Kilda,12.0,8.0,14.0,15.0,16.0,14.0,14.0,15.0,14.0,14.0,14.0,14.0,14.0,13.0,13.0,13.0,13.0,13.0,13.0,13.0,13.0,13.0,14.0,,2015
Essendon,14.0,11.0,8.0,11.0,9.0,11.0,11.0,9.0,10.0,13.0,13.0,13.0,13.0,14.0,14.0,14.0,14.0,15.0,15.0,15.0,15.0,15.0,15.0,,2015
Gold Coast,15.0,14.0,16.0,17.0,15.0,16.0,17.0,17.0,17.0,18.0,17.0,18.0,18.0,17.0,17.0,17.0,17.0,17.0,16.0,16.0,16.0,16.0,16.0,,2015
Brisbane Lions,13.0,17.0,18.0,18.0,18.0,18.0,16.0,16.0,16.0,16.0,16.0,17.0,17.0,18.0,18.0,18.0,18.0,18.0,18.0,17.0,18.0,18.0,17.0,,2015
Carlton,16.0,16.0,17.0,14.0,17.0,17.0,18.0,18.0,18.0,17.0,18.0,16.0,16.0,16.0,16.0,16.0,16.0,16.0,17.0,18.0,17.0,17.0,18.0,,2015
Sydney,14.0,14.0,11.0,13.0,13.0,9.0,7.0,4.0,3.0,5.0,3.0,3.0,3.0,3.0,3.0,1.0,1.0,1.0,2.0,2.0,1.0,1.0,1.0,,2014
Hawthorn,4.0,5.0,2.0,1.0,3.0,2.0,1.0,2.0,2.0,4.0,2.0,2.0,2.0,2.0,1.0,2.0,3.0,2.0,1.0,1.0,3.0,2.0,2.0,,2014
Geelong,6.0,4.0,3.0,2.0,1.0,3.0,3.0,3.0,4.0,2.0,6.0,5.0,4.0,5.0,5.0,5.0,4.0,3.0,3.0,3.0,2.0,3.0,3.0,,2014
Fremantle,1.0,2.0,7.0,5.0,5.0,8.0,6.0,8.0,6.0,7.0,7.0,6.0,5.0,4.0,4.0,4.0,2.0,4.0,4.0,4.0,4.0,4.0,4.0,,2014
Port Adelaide,7.0,3.0,5.0,3.0,2.0,1.0,2.0,1.0,1.0,1.0,1.0,1.0,1.0,1.0,2.0,3.0,5.0,5.0,5.0,5.0,5.0,5.0,5.0,,2014
North Melbourne,16.0,10.0,10.0,6.0,7.0,5.0,8.0,10.0,7.0,8.0,8.0,7.0,7.0,7.0,7.0,7.0,6.0,6.0,6.0,6.0,6.0,6.0,6.0,,2014
Essendon,3.0,7.0,4.0,7.0,10.0,12.0,10.0,9.0,11.0,11.0,10.0,9.0,9.0,9.0,10.0,10.0,7.0,7.0,7.0,8.0,7.0,7.0,7.0,,2014
Richmond,10.0,9.0,12.0,14.0,11.0,13.0,13.0,15.0,16.0,13.0,13.0,13.0,15.0,16.0,13.0,12.0,12.0,12.0,12.0,12.0,9.0,8.0,8.0,,2014
West Coast,2.0,1.0,1.0,4.0,4.0,7.0,9.0,7.0,9.0,9.0,11.0,11.0,11.0,10.0,11.0,11.0,11.0,11.0,11.0,11.0,12.0,10.0,9.0,,2014
Adelaide,13.0,16.0,17.0,15.0,12.0,10.0,11.0,11.0,10.0,10.0,9.0,10.0,10.0,11.0,9.0,9.0,10.0,8.0,10.0,7.0,8.0,11.0,10.0,,2014
Collingwood,18.0,12.0,13.0,9.0,6.0,4.0,4.0,5.0,8.0,6.0,4.0,4.0,6.0,6.0,6.0,6.0,8.0,9.0,8.0,9.0,10.0,9.0,11.0,,2014
Gold Coast,9.0,11.0,8.0,11.0,8.0,6.0,5.0,6.0,5.0,3.0,5.0,8.0,8.0,8.0,8.0,8.0,9.0,10.0,9.0,10.0,11.0,12.0,12.0,,2014
Carlton,12.0,13.0,15.0,17.0,16.0,16.0,16.0,13.0,13.0,12.0,12.0,12.0,12.0,12.0,14.0,13.0,14.0,13.0,13.0,13.0,13.0,13.0,13.0,,2014
Western Bulldogs,17.0,17.0,14.0,10.0,15.0,15.0,15.0,12.0,12.0,14.0,14.0,14.0,13.0,13.0,12.0,14.0,13.0,14.0,14.0,14.0,14.0,14.0,14.0,,2014
Brisbane Lions,15.0,15.0,16.0,18.0,18.0,18.0,18.0,18.0,18.0,18.0,18.0,16.0,17.0,17.0,17.0,17.0,17.0,15.0,15.0,15.0,15.0,15.0,15.0,,2014
Greater Western Sydney,5.0,8.0,6.0,8.0,14.0,14.0,14.0,16.0,17.0,17.0,17.0,18.0,16.0,14.0,16.0,15.0,15.0,16.0,16.0,17.0,16.0,16.0,16.0,,2014
Melbourne,11.0,18.0,18.0,16.0,17.0,17.0,17.0,17.0,14.0,15.0,15.0,15.0,14.0,15.0,15.0,16.0,16.0,17.0,17.0,16.0,17.0,17.0,17.0,,2014
St Kilda,8.0,6.0,9.0,12.0,9.0,11.0,12.0,14.0,15.0,16.0,16.0,17.0,18.0,18.0,18.0,18.0,18.0,18.0,18.0,18.0,18.0,18.0,18.0,,2014
Hawthorn,11.0,9.0,6.0,4.0,4.0,5.0,3.0,1.0,1.0,1.0,2.0,1.0,1.0,1.0,1.0,1.0,1.0,1.0,1.0,1.0,1.0,1.0,1.0,,2013
Geelong,8.0,7.0,5.0,3.0,3.0,2.0,1.0,2.0,2.0,2.0,1.0,2.0,2.0,2.0,2.0,2.0,3.0,2.0,3.0,2.0,2.0,2.0,2.0,,2013
Fremantle,5.0,4.0,7.0,9.0,7.0,6.0,6.0,5.0,4.0,4.0,5.0,5.0,3.0,5.0,5.0,5.0,5.0,5.0,4.0,4.0,4.0,3.0,3.0,,2013
Sydney,4.0,3.0,3.0,5.0,5.0,4.0,5.0,4.0,5.0,3.0,3.0,4.0,5.0,4.0,4.0,4.0,4.0,3.0,2.0,3.0,3.0,4.0,4.0,,2013
Richmond,9.0,6.0,4.0,6.0,6.0,9.0,7.0,7.0,10.0,7.0,9.0,7.0,6.0,6.0,6.0,6.0,6.0,6.0,7.0,6.0,5.0,5.0,5.0,,2013
Collingwood,6.0,5.0,8.0,7.0,8.0,7.0,8.0,8.0,11.0,8.0,6.0,6.0,7.0,8.0,7.0,7.0,7.0,7.0,6.0,5.0,6.0,6.0,6.0,,2013
Port Adelaide,1.0,2.0,2.0,2.0,2.0,3.0,4.0,6.0,9.0,11.0,11.0,10.0,8.0,7.0,8.0,8.0,8.0,8.0,8.0,8.0,8.0,8.0,7.0,,2013
Carlton,10.0,13.0,15.0,13.0,9.0,8.0,11.0,10.0,8.0,6.0,7.0,8.0,9.0,9.0,11.0,9.0,9.0,9.0,9.0,9.0,9.0,9.0,8.0,,2013
Essendon,3.0,1.0,1.0,1.0,1.0,1.0,2.0,3.0,3.0,5.0,4.0,3.0,4.0,3.0,3.0,3.0,2.0,4.0,5.0,7.0,7.0,7.0,9.0,,2013
North Melbourne,13.0,12.0,16.0,11.0,13.0,11.0,12.0,13.0,13.0,12.0,13.0,13.0,13.0,12.0,10.0,11.0,13.0,10.0,10.0,11.0,10.0,11.0,10.0,,2013
Adelaide,16.0,10.0,11.0,8.0,10.0,12.0,9.0,9.0,7.0,9.0,10.0,11.0,11.0,11.0,12.0,12.0,11.0,12.0,13.0,12.0,13.0,12.0,11.0,,2013
Brisbane Lions,17.0,17.0,14.0,16.0,12.0,14.0,15.0,14.0,14.0,15.0,15.0,15.0,14.0,14.0,14.0,13.0,12.0,13.0,12.0,13.0,12.0,10.0,12.0,,2013
West Coast,14.0,15.0,10.0,12.0,15.0,10.0,10.0,11.0,6.0,10.0,8.0,9.0,10.0,10.0,9.0,10.0,10.0,11.0,11.0,10.0,11.0,13.0,13.0,,2013
Gold Coast,7.0,11.0,13.0,14.0,11.0,13.0,13.0,12.0,12.0,13.0,12.0,12.0,12.0,13.0,13.0,14.0,14.0,14.0,14.0,14.0,14.0,14.0,14.0,,2013
Western Bulldogs,2.0,8.0,12.0,15.0,16.0,16.0,16.0,16.0,16.0,14.0,14.0,14.0,16.0,16.0,15.0,15.0,15.0,15.0,15.0,15.0,15.0,15.0,15.0,,2013
St Kilda,12.0,14.0,9.0,10.0,14.0,15.0,14.0,15.0,15.0,16.0,16.0,16.0,15.0,15.0,16.0,16.0,16.0,16.0,16.0,16.0,16.0,16.0,16.0,,2013
Melbourne,18.0,18.0,18.0,17.0,17.0,17.0,17.0,17.0,17.0,17.0,17.0,17.0,17.0,17.0,17.0,17.0,17.0,17.0,17.0,17.0,17.0,17.0,17.0,,2013
Greater Western Sydney,15.0,16.0,17.0,18.0,18.0,18.0,18.0,18.0,18.0,18.0,18.0,18.0,18.0,18.0,18.0,18.0,18.0,18.0,18.0,18.0,18.0,18.0,18.0,,2013
Hawthorn,6.0,8.0,7.0,9.0,11.0,11.0,9.0,6.0,8.0,6.0,6.0,5.0,6.0,6.0,5.0,4.0,3.0,2.0,4.0,4.0,2.0,1.0,1.0,,2012
Adelaide,2.0,3.0,8.0,5.0,4.0,5.0,3.0,2.0,3.0,3.0,5.0,2.0,5.0,5.0,3.0,2.0,2.0,3.0,2.0,2.0,3.0,3.0,2.0,,2012
Sydney,1.0,4.0,3.0,2.0,2.0,3.0,5.0,4.0,5.0,5.0,2.0,4.0,2.0,2.0,1.0,1.0,1.0,1.0,1.0,1.0,1.0,2.0,3.0,,2012
Collingwood,13.0,9.0,13.0,12.0,10.0,8.0,7.0,5.0,4.0,4.0,1.0,3.0,1.0,1.0,4.0,3.0,4.0,4.0,3.0,3.0,4.0,5.0,4.0,,2012
West Coast,3.0,1.0,1.0,1.0,1.0,1.0,1.0,1.0,1.0,1.0,3.0,1.0,4.0,3.0,2.0,5.0,5.0,5.0,5.0,5.0,5.0,4.0,5.0,,2012
Geelong,11.0,10.0,11.0,10.0,8.0,6.0,10.0,10.0,9.0,8.0,7.0,7.0,7.0,7.0,7.0,7.0,7.0,6.0,6.0,7.0,7.0,6.0,6.0,,2012
Fremantle,8.0,11.0,9.0,6.0,9.0,7.0,6.0,8.0,10.0,11.0,10.0,11.0,12.0,13.0,12.0,10.0,9.0,9.0,9.0,9.0,8.0,7.0,7.0,,2012
North Melbourne,10.0,6.0,6.0,8.0,7.0,10.0,11.0,12.0,11.0,12.0,12.0,12.0,11.0,8.0,11.0,9.0,8.0,8.0,7.0,6.0,6.0,8.0,8.0,,2012
St Kilda,12.0,7.0,5.0,7.0,6.0,9.0,8.0,9.0,7.0,9.0,8.0,8.0,8.0,9.0,8.0,8.0,10.0,10.0,10.0,10.0,11.0,9.0,9.0,,2012
Carlton,4.0,2.0,2.0,4.0,3.0,2.0,4.0,7.0,6.0,7.0,9.0,9.0,9.0,10.0,9.0,12.0,11.0,11.0,11.0,11.0,9.0,10.0,10.0,,2012
Essendon,9.0,5.0,4.0,3.0,5.0,4.0,2.0,3.0,2.0,2.0,4.0,6.0,3.0,4.0,6.0,6.0,6.0,7.0,8.0,8.0,10.0,11.0,11.0,,2012
Richmond,15.0,15.0,10.0,13.0,14.0,12.0,12.0,13.0,12.0,10.0,11.0,10.0,10.0,11.0,10.0,11.0,12.0,12.0,12.0,12.0,12.0,12.0,12.0,,2012
Brisbane Lions,5.0,13.0,14.0,11.0,12.0,14.0,14.0,14.0,14.0,14.0,14.0,15.0,13.0,12.0,13.0,13.0,13.0,13.0,13.0,13.0,13.0,13.0,13.0,,2012
Port Adelaide,7.0,12.0,12.0,14.0,15.0,15.0,15.0,15.0,15.0,13.0,13.0,14.0,15.0,15.0,15.0,15.0,14.0,14.0,14.0,14.0,14.0,14.0,14.0,,2012
Western Bulldogs,16.0,14.0,15.0,15.0,13.0,13.0,13.0,11.0,13.0,15.0,15.0,13.0,14.0,14.0,14.0,14.0,15.0,15.0,15.0,15.0,15.0,15.0,15.0,,2012
Melbourne,14.0,16.0,17.0,16.0,16.0,17.0,18.0,18.0,18.0,16.0,16.0,16.0,16.0,16.0,16.0,16.0,16.0,16.0,16.0,16.0,16.0,16.0,16.0,,2012
Gold Coast,17.0,17.0,16.0,17.0,17.0,16.0,17.0,17.0,17.0,18.0,18.0,18.0,18.0,18.0,18.0,17.0,17.0,17.0,18.0,17.0,17.0,17.0,17.0,,2012
Greater Western Sydney,18.0,18.0,18.0,18.0,18.0,18.0,16.0,16.0,16.0,17.0,17.0,17.0,17.0,17.0,17.0,18.0,18.0,18.0,17.0,18.0,18.0,18.0,18.0,,2012
Collingwood,2.0,1.0,1.0,1.0,1.0,1.0,1.0,2.0,2.0,2.0,2.0,2.0,2.0,2.0,2.0,1.0,1.0,1.0,1.0,1.0,1.0,1.0,1.0,1.0,2011
Geelong,7.0,4.0,2.0,2.0,2.0,2.0,2.0,1.0,1.0,1.0,1.0,1.0,1.0,1.0,1.0,2.0,2.0,2.0,2.0,2.0,2.0,2.0,2.0,2.0,2011
Hawthorn,14.0,9.0,7.0,3.0,5.0,6.0,5.0,5.0,3.0,3.0,3.0,4.0,4.0,3.0,4.0,3.0,3.0,3.0,3.0,3.0,3.0,3.0,3.0,3.0,2011
West Coast,5.0,3.0,9.0,10.0,10.0,7.0,10.0,7.0,6.0,7.0,6.0,6.0,5.0,5.0,5.0,5.0,5.0,5.0,5.0,5.0,5.0,4.0,4.0,4.0,2011
Carlton,3.0,2.0,4.0,5.0,4.0,3.0,3.0,4.0,5.0,4.0,4.0,3.0,3.0,4.0,3.0,4.0,4.0,4.0,4.0,4.0,4.0,5.0,5.0,5.0,2011
St Kilda,11.0,11.0,12.0,13.0,11.0,13.0,14.0,15.0,13.0,11.0,11.0,9.0,12.0,13.0,12.0,11.0,10.0,8.0,7.0,6.0,6.0,6.0,6.0,6.0,2011
Sydney,8.0,5.0,3.0,8.0,8.0,9.0,8.0,6.0,8.0,6.0,5.0,5.0,6.0,6.0,7.0,6.0,8.0,6.0,6.0,7.0,8.0,7.0,7.0,7.0,2011
Essendon,1.0,6.0,6.0,6.0,6.0,5.0,4.0,3.0,4.0,5.0,7.0,8.0,8.0,10.0,8.0,8.0,7.0,9.0,9.0,8.0,7.0,8.0,8.0,8.0,2011
North Melbourne,13.0,16.0,15.0,16.0,17.0,14.0,15.0,13.0,14.0,14.0,12.0,12.0,11.0,9.0,10.0,12.0,11.0,10.0,10.0,10.0,10.0,9.0,9.0,9.0,2011
Western Bulldogs,17.0,8.0,5.0,9.0,9.0,11.0,11.0,11.0,11.0,12.0,13.0,13.0,13.0,12.0,11.0,9.0,12.0,12.0,12.0,12.0,12.0,11.0,13.0,10.0,2011
Fremantle,6.0,10.0,8.0,4.0,3.0,4.0,6.0,8.0,7.0,8.0,8.0,7.0,7.0,7.0,6.0,7.0,6.0,7.0,8.0,9.0,9.0,10.0,10.0,11.0,2011
Richmond,15.0,12.0,13.0,14.0,12.0,10.0,9.0,10.0,9.0,9.0,10.0,11.0,10.0,11.0,13.0,13.0,13.0,13.0,13.0,14.0,13.0,12.0,11.0,12.0,2011
Melbourne,9.0,13.0,10.0,7.0,7.0,8.0,7.0,9.0,10.0,10.0,9.0,10.0,9.0,8.0,9.0,10.0,9.0,11.0,11.0,11.0,11.0,13.0,12.0,13.0,2011
Adelaide,4.0,7.0,11.0,11.0,13.0,12.0,12.0,12.0,12.0,13.0,14.0,14.0,14.0,14.0,14.0,14.0,14.0,14.0,14.0,13.0,14.0,14.0,14.0,14.0,2011
Brisbane Lions,12.0,15.0,14.0,15.0,16.0,17.0,17.0,17.0,16.0,15.0,15.0,15.0,15.0,15.0,15.0,15.0,15.0,15.0,15.0,15.0,15.0,15.0,15.0,15.0,2011
Port Adelaide,16.0,14.0,16.0,12.0,14.0,15.0,16.0,16.0,17.0,16.0,16.0,16.0,16.0,16.0,16.0,16.0,17.0,17.0,17.0,17.0,17.0,17.0,17.0,16.0,2011
Gold Coast,10.0,17.0,17.0,17.0,15.0,16.0,13.0,14.0,15.0,17.0,17.0,17.0,17.0,17.0,17.0,17.0,16.0,16.0,16.0,16.0,16.0,16.0,16.0,17.0,2011
Collingwood,5.0,5.0,7.0,6.0,3.0,2.0,1.0,1.0,2.0,3.0,2.0,3.0,3.0,3.0,3.0,1.0,1.0,1.0,1.0,1.0,1.0,1.0,,,2010
Geelong,6.0,4.0,6.0,4.0,7.0,5.0,3.0,2.0,1.0,1.0,1.0,1.0,1.0,1.0,1.0,2.0,2.0,2.0,2.0,2.0,2.0,2.0,,,2010
St Kilda,8.0,1.0,1.0,1.0,2.0,3.0,5.0,7.0,5.0,4.0,3.0,2.0,2.0,2.0,2.0,3.0,3.0,3.0,3.0,3.0,3.0,3.0,,,2010
Western Bulldogs,12.0,10.0,5.0,8.0,8.0,8.0,8.0,4.0,4.0,5.0,6.0,5.0,5.0,5.0,5.0,5.0,4.0,4.0,4.0,4.0,4.0,4.0,,,2010
Sydney,9.0,9.0,4.0,3.0,1.0,1.0,4.0,6.0,7.0,7.0,7.0,7.0,7.0,8.0,6.0,6.0,8.0,8.0,7.0,7.0,5.0,5.0,,,2010
Fremantle,2.0,2.0,2.0,5.0,4.0,4.0,2.0,3.0,3.0,2.0,4.0,4.0,4.0,4.0,4.0,4.0,5.0,5.0,5.0,5.0,6.0,6.0,,,2010
Hawthorn,1.0,7.0,9.0,11.0,12.0,13.0,14.0,14.0,13.0,11.0,8.0,8.0,8.0,7.0,8.0,7.0,6.0,6.0,8.0,8.0,7.0,7.0,,,2010
Carlton,3.0,8.0,10.0,7.0,6.0,9.0,7.0,5.0,6.0,6.0,5.0,6.0,6.0,6.0,7.0,8.0,7.0,7.0,6.0,6.0,8.0,8.0,,,2010
North Melbourne,10.0,15.0,13.0,14.0,11.0,11.0,11.0,10.0,12.0,13.0,12.0,9.0,9.0,9.0,9.0,9.0,9.0,9.0,9.0,9.0,9.0,9.0,,,2010
Port Adelaide,7.0,6.0,8.0,10.0,10.0,7.0,6.0,8.0,8.0,10.0,11.0,12.0,12.0,13.0,14.0,14.0,13.0,13.0,13.0,12.0,10.0,10.0,,,2010
Adelaide,15.0,14.0,15.0,15.0,15.0,15.0,15.0,15.0,15.0,15.0,15.0,15.0,14.0,10.0,10.0,10.0,10.0,11.0,11.0,11.0,12.0,11.0,,,2010
Melbourne,16.0,12.0,11.0,9.0,9.0,10.0,10.0,11.0,9.0,12.0,13.0,13.0,13.0,14.0,11.0,11.0,11.0,10.0,10.0,10.0,11.0,12.0,,,2010
Brisbane Lions,4.0,3.0,3.0,2.0,5.0,6.0,9.0,9.0,11.0,9.0,10.0,11.0,11.0,11.0,12.0,13.0,14.0,15.0,14.0,14.0,13.0,13.0,,,2010
Essendon,11.0,13.0,12.0,13.0,14.0,12.0,12.0,12.0,10.0,8.0,9.0,10.0,10.0,12.0,13.0,12.0,12.0,12.0,12.0,13.0,14.0,14.0,,,2010
Richmond,14.0,16.0,16.0,16.0,16.0,16.0,16.0,16.0,16.0,16.0,16.0,16.0,16.0,15.0,15.0,15.0,15.0,14.0,15.0,15.0,15.0,15.0,,,2010
West Coast,13.0,11.0,14.0,12.0,13.0,14.0,13.0,13.0,14.0,14.0,14.0,14.0,15.0,16.0,16.0,16.0,16.0,16.0,16.0,16.0,16.0,16.0,,,2010
St Kilda,5.0,3.0,1.0,1.0,1.0,1.0,1.0,1.0,1.0,1.0,1.0,1.0,1.0,1.0,1.0,1.0,1.0,1.0,1.0,1.0,1.0,1.0,,,2009
Geelong,7.0,4.0,3.0,2.0,2.0,2.0,2.0,2.0,2.0,2.0,2.0,2.0,2.0,2.0,2.0,2.0,2.0,2.0,2.0,2.0,2.0,2.0,,,2009
Western Bulldogs,2.0,2.0,2.0,3.0,4.0,6.0,3.0,3.0,3.0,3.0,3.0,3.0,3.0,3.0,3.0,3.0,3.0,3.0,4.0,4.0,4.0,3.0,,,2009
Collingwood,9.0,5.0,9.0,6.0,8.0,5.0,8.0,11.0,10.0,6.0,5.0,4.0,4.0,4.0,4.0,4.0,4.0,4.0,3.0,3.0,3.0,4.0,,,2009
Adelaide,8.0,12.0,8.0,12.0,7.0,11.0,12.0,12.0,11.0,11.0,9.0,6.0,6.0,5.0,5.0,6.0,5.0,5.0,7.0,6.0,6.0,5.0,,,2009
Brisbane Lions,6.0,11.0,6.0,8.0,13.0,9.0,6.0,5.0,6.0,4.0,6.0,5.0,5.0,6.0,6.0,5.0,6.0,6.0,5.0,7.0,7.0,6.0,,,2009
Carlton,1.0,1.0,4.0,5.0,3.0,4.0,7.0,6.0,9.0,5.0,4.0,7.0,8.0,7.0,7.0,7.0,7.0,7.0,6.0,5.0,5.0,7.0,,,2009
Essendon,14.0,9.0,7.0,9.0,6.0,10.0,5.0,8.0,4.0,9.0,11.0,8.0,7.0,8.0,8.0,8.0,8.0,9.0,9.0,8.0,8.0,8.0,,,2009
Hawthorn,10.0,13.0,10.0,13.0,9.0,8.0,9.0,7.0,7.0,8.0,7.0,9.0,9.0,11.0,10.0,10.0,9.0,10.0,11.0,11.0,9.0,9.0,,,2009
Port Adelaide,3.0,10.0,5.0,4.0,5.0,3.0,4.0,4.0,8.0,10.0,8.0,10.0,10.0,9.0,9.0,9.0,10.0,8.0,8.0,9.0,10.0,10.0,,,2009
West Coast,11.0,6.0,13.0,10.0,11.0,12.0,11.0,10.0,13.0,13.0,13.0,13.0,12.0,12.0,12.0,13.0,14.0,13.0,12.0,12.0,12.0,11.0,,,2009
Sydney,12.0,8.0,11.0,7.0,10.0,7.0,10.0,9.0,5.0,7.0,10.0,11.0,11.0,10.0,11.0,11.0,11.0,11.0,10.0,10.0,11.0,12.0,,,2009
North Melbourne,4.0,7.0,12.0,11.0,12.0,13.0,13.0,13.0,12.0,12.0,12.0,12.0,13.0,13.0,13.0,12.0,13.0,14.0,13.0,13.0,13.0,13.0,,,2009
Fremantle,15.0,14.0,14.0,16.0,16.0,14.0,14.0,14.0,14.0,14.0,14.0,15.0,15.0,15.0,16.0,16.0,15.0,15.0,15.0,15.0,14.0,14.0,,,2009
Richmond,16.0,16.0,16.0,15.0,14.0,15.0,15.0,15.0,15.0,15.0,15.0,14.0,14.0,14.0,14.0,14.0,12.0,12.0,14.0,14.0,15.0,15.0,,,2009
Melbourne,13.0,15.0,15.0,14.0,15.0,16.0,16.0,16.0,16.0,16.0,16.0,16.0,16.0,16.0,15.0,15.0,16.0,16.0,16.0,16.0,16.0,16.0,,,2009
Geelong,6.0,2.0,1.0,2.0,1.0,1.0,1.0,1.0,2.0,2.0,2.0,1.0,1.0,1.0,1.0,1.0,1.0,1.0,1.0,1.0,1.0,1.0,,,2008
Hawthorn,1.0,1.0,2.0,1.0,2.0,2.0,2.0,2.0,1.0,1.0,1.0,2.0,3.0,3.0,3.0,3.0,3.0,3.0,2.0,2.0,2.0,2.0,,,2008
Western Bulldogs,8.0,3.0,3.0,3.0,3.0,3.0,3.0,3.0,3.0,3.0,3.0,3.0,2.0,2.0,2.0,2.0,2.0,2.0,3.0,3.0,3.0,3.0,,,2008
St Kilda,7.0,4.0,7.0,10.0,7.0,9.0,5.0,9.0,10.0,9.0,9.0,10.0,9.0,8.0,8.0,7.0,9.0,7.0,8.0,8.0,7.0,4.0,,,2008
Adelaide,9.0,6.0,5.0,6.0,5.0,4.0,4.0,4.0,4.0,4.0,4.0,5.0,5.0,6.0,6.0,9.0,7.0,6.0,6.0,5.0,6.0,5.0,,,2008
Sydney,10.0,5.0,4.0,4.0,4.0,5.0,6.0,5.0,5.0,5.0,5.0,4.0,4.0,4.0,4.0,4.0,4.0,4.0,4.0,6.0,8.0,6.0,,,2008
North Melbourne,15.0,9.0,10.0,7.0,6.0,6.0,7.0,6.0,6.0,8.0,8.0,9.0,8.0,10.0,9.0,8.0,5.0,5.0,5.0,4.0,4.0,7.0,,,2008
Collingwood,4.0,7.0,6.0,5.0,9.0,7.0,8.0,7.0,7.0,6.0,6.0,6.0,7.0,5.0,5.0,5.0,6.0,8.0,7.0,7.0,5.0,8.0,,,2008
Richmond,3.0,8.0,12.0,8.0,8.0,10.0,12.0,12.0,11.0,12.0,12.0,11.0,11.0,11.0,11.0,10.0,10.0,10.0,11.0,10.0,9.0,9.0,,,2008
Brisbane Lions,12.0,10.0,11.0,9.0,10.0,8.0,10.0,8.0,8.0,7.0,7.0,7.0,6.0,7.0,7.0,6.0,8.0,9.0,9.0,9.0,10.0,10.0,,,2008
Carlton,14.0,14.0,14.0,12.0,11.0,11.0,11.0,11.0,9.0,11.0,10.0,8.0,10.0,9.0,10.0,11.0,11.0,11.0,10.0,11.0,11.0,11.0,,,2008
Essendon,2.0,11.0,8.0,11.0,12.0,13.0,13.0,13.0,14.0,14.0,14.0,13.0,13.0,12.0,12.0,12.0,12.0,12.0,12.0,12.0,12.0,12.0,,,2008
Port Adelaide,11.0,15.0,15.0,15.0,13.0,12.0,9.0,10.0,12.0,10.0,11.0,12.0,12.0,13.0,13.0,13.0,13.0,14.0,14.0,14.0,13.0,13.0,,,2008
Fremantle,13.0,13.0,9.0,13.0,14.0,14.0,14.0,14.0,15.0,15.0,15.0,14.0,14.0,14.0,14.0,14.0,14.0,13.0,13.0,13.0,14.0,14.0,,,2008
West Coast,5.0,12.0,13.0,14.0,15.0,15.0,15.0,15.0,13.0,13.0,13.0,15.0,15.0,15.0,15.0,15.0,15.0,15.0,15.0,15.0,15.0,15.0,,,2008
Melbourne,16.0,16.0,16.0,16.0,16.0,16.0,16.0,16.0,16.0,16.0,16.0,16.0,16.0,16.0,16.0,16.0,16.0,16.0,16.0,16.0,16.0,16.0,,,2008
Geelong,13.0,5.0,2.0,6.0,10.0,6.0,4.0,3.0,2.0,2.0,1.0,1.0,1.0,1.0,1.0,1.0,1.0,1.0,1.0,1.0,1.0,1.0,,,2007
Port Adelaide,6.0,3.0,10.0,4.0,2.0,2.0,1.0,2.0,7.0,7.0,10.0,8.0,6.0,9.0,5.0,4.0,3.0,4.0,3.0,2.0,2.0,2.0,,,2007
West Coast,8.0,4.0,1.0,1.0,1.0,1.0,2.0,1.0,1.0,1.0,2.0,3.0,3.0,2.0,4.0,5.0,4.0,5.0,4.0,3.0,3.0,3.0,,,2007
Kangaroos,10.0,13.0,13.0,14.0,11.0,10.0,7.0,6.0,6.0,8.0,6.0,9.0,7.0,5.0,3.0,2.0,2.0,2.0,5.0,5.0,5.0,4.0,,,2007
Hawthorn,16.0,8.0,8.0,5.0,8.0,5.0,8.0,5.0,4.0,3.0,3.0,2.0,2.0,3.0,2.0,3.0,5.0,3.0,2.0,4.0,4.0,5.0,,,2007
Collingwood,7.0,9.0,9.0,9.0,7.0,4.0,3.0,7.0,5.0,4.0,5.0,4.0,4.0,4.0,6.0,6.0,6.0,6.0,7.0,6.0,6.0,6.0,,,2007
Sydney,9.0,6.0,4.0,8.0,3.0,7.0,11.0,9.0,8.0,9.0,7.0,10.0,10.0,10.0,8.0,8.0,7.0,7.0,6.0,7.0,7.0,7.0,,,2007
Adelaide,14.0,7.0,5.0,3.0,4.0,8.0,5.0,4.0,3.0,5.0,8.0,5.0,8.0,6.0,9.0,9.0,12.0,11.0,11.0,10.0,8.0,8.0,,,2007
St Kilda,2.0,11.0,6.0,10.0,13.0,11.0,9.0,12.0,13.0,13.0,14.0,12.0,12.0,12.0,11.0,11.0,9.0,9.0,9.0,8.0,9.0,9.0,,,2007
Brisbane Lions,1.0,1.0,3.0,7.0,6.0,3.0,6.0,11.0,12.0,11.0,12.0,13.0,13.0,13.0,12.0,12.0,11.0,8.0,8.0,9.0,10.0,10.0,,,2007
Fremantle,11.0,14.0,14.0,13.0,12.0,13.0,13.0,13.0,11.0,12.0,11.0,11.0,11.0,11.0,13.0,13.0,13.0,13.0,12.0,13.0,11.0,11.0,,,2007
Essendon,3.0,2.0,7.0,2.0,5.0,9.0,12.0,10.0,9.0,6.0,4.0,6.0,5.0,8.0,10.0,10.0,8.0,12.0,13.0,11.0,12.0,12.0,,,2007
Western Bulldogs,4.0,10.0,12.0,11.0,9.0,12.0,10.0,8.0,10.0,10.0,9.0,7.0,9.0,7.0,7.0,7.0,10.0,10.0,10.0,12.0,13.0,13.0,,,2007
Melbourne,15.0,16.0,16.0,16.0,16.0,15.0,15.0,15.0,15.0,15.0,15.0,15.0,15.0,15.0,15.0,15.0,15.0,15.0,14.0,14.0,14.0,14.0,,,2007
Carlton,5.0,12.0,11.0,12.0,14.0,14.0,14.0,14.0,14.0,14.0,13.0,14.0,14.0,14.0,14.0,14.0,14.0,14.0,15.0,15.0,15.0,15.0,,,2007
Richmond,12.0,15.0,15.0,15.0,15.0,16.0,16.0,16.0,16.0,16.0,16.0,16.0,16.0,16.0,16.0,16.0,16.0,16.0,16.0,16.0,16.0,16.0,,,2007
West Coast,7.0,3.0,2.0,2.0,1.0,3.0,2.0,1.0,1.0,1.0,1.0,2.0,2.0,2.0,2.0,2.0,2.0,2.0,2.0,1.0,1.0,1.0,,,2006
Adelaide,4.0,4.0,6.0,5.0,2.0,2.0,1.0,3.0,2.0,2.0,2.0,1.0,1.0,1.0,1.0,1.0,1.0,1.0,1.0,2.0,2.0,2.0,,,2006
Fremantle,9.0,8.0,8.0,8.0,6.0,6.0,8.0,7.0,8.0,7.0,8.0,9.0,10.0,9.0,8.0,8.0,8.0,8.0,6.0,4.0,3.0,3.0,,,2006
Sydney,12.0,14.0,12.0,12.0,9.0,8.0,5.0,4.0,4.0,4.0,4.0,6.0,6.0,6.0,7.0,7.0,6.0,4.0,3.0,5.0,5.0,4.0,,,2006
Collingwood,13.0,7.0,4.0,3.0,3.0,1.0,3.0,2.0,3.0,3.0,3.0,3.0,3.0,4.0,6.0,4.0,5.0,6.0,7.0,6.0,6.0,5.0,,,2006
St Kilda,10.0,9.0,7.0,7.0,8.0,7.0,10.0,8.0,5.0,8.0,7.0,7.0,7.0,7.0,5.0,5.0,4.0,5.0,4.0,7.0,7.0,6.0,,,2006
Melbourne,11.0,15.0,15.0,13.0,10.0,9.0,7.0,6.0,7.0,6.0,6.0,5.0,4.0,3.0,3.0,3.0,3.0,3.0,5.0,3.0,4.0,7.0,,,2006
Western Bulldogs,1.0,2.0,1.0,1.0,4.0,4.0,4.0,5.0,6.0,5.0,5.0,4.0,5.0,5.0,4.0,6.0,7.0,7.0,8.0,8.0,8.0,8.0,,,2006
Richmond,16.0,16.0,16.0,16.0,12.0,10.0,11.0,10.0,9.0,9.0,9.0,10.0,8.0,8.0,9.0,10.0,10.0,10.0,10.0,10.0,9.0,9.0,,,2006
Geelong,2.0,1.0,3.0,6.0,7.0,11.0,9.0,11.0,12.0,13.0,11.0,11.0,11.0,10.0,10.0,9.0,9.0,9.0,9.0,9.0,10.0,10.0,,,2006
Hawthorn,8.0,10.0,5.0,4.0,5.0,5.0,6.0,9.0,11.0,11.0,13.0,12.0,13.0,14.0,14.0,14.0,14.0,14.0,14.0,14.0,12.0,11.0,,,2006
Port Adelaide,14.0,11.0,11.0,9.0,11.0,13.0,15.0,15.0,13.0,12.0,10.0,8.0,9.0,11.0,12.0,12.0,12.0,13.0,11.0,11.0,11.0,12.0,,,2006
Brisbane Lions,15.0,13.0,14.0,14.0,16.0,16.0,14.0,12.0,10.0,10.0,12.0,13.0,12.0,12.0,11.0,11.0,11.0,11.0,12.0,12.0,13.0,13.0,,,2006
Kangaroos,3.0,12.0,13.0,15.0,15.0,12.0,13.0,14.0,14.0,14.0,14.0,14.0,14.0,13.0,13.0,13.0,13.0,12.0,13.0,13.0,14.0,14.0,,,2006
Essendon,5.0,5.0,10.0,10.0,13.0,14.0,16.0,16.0,16.0,16.0,16.0,16.0,16.0,16.0,16.0,16.0,15.0,16.0,15.0,15.0,15.0,15.0,,,2006
Carlton,6.0,6.0,9.0,11.0,14.0,15.0,12.0,13.0,15.0,15.0,15.0,15.0,15.0,15.0,15.0,15.0,16.0,15.0,16.0,16.0,16.0,16.0,,,2006
Adelaide,9.0,9.0,4.0,3.0,5.0,4.0,8.0,8.0,5.0,5.0,3.0,4.0,3.0,2.0,2.0,2.0,2.0,2.0,2.0,2.0,2.0,1.0,,,2005
West Coast,8.0,3.0,3.0,1.0,1.0,1.0,1.0,1.0,1.0,1.0,1.0,1.0,1.0,1.0,1.0,1.0,1.0,1.0,1.0,1.0,1.0,2.0,,,2005
Sydney,1.0,5.0,5.0,8.0,10.0,12.0,10.0,10.0,6.0,9.0,6.0,6.0,5.0,6.0,5.0,4.0,3.0,4.0,4.0,4.0,3.0,3.0,,,2005
St Kilda,11.0,11.0,12.0,7.0,4.0,3.0,7.0,7.0,9.0,7.0,8.0,8.0,9.0,9.0,9.0,6.0,4.0,3.0,3.0,3.0,4.0,4.0,,,2005
Kangaroos,7.0,2.0,2.0,2.0,2.0,2.0,5.0,5.0,7.0,6.0,7.0,7.0,6.0,5.0,7.0,5.0,6.0,5.0,5.0,5.0,5.0,5.0,,,2005
Geelong,4.0,6.0,10.0,6.0,6.0,5.0,3.0,2.0,2.0,2.0,4.0,3.0,4.0,3.0,3.0,3.0,5.0,6.0,7.0,6.0,6.0,6.0,,,2005
Melbourne,2.0,1.0,1.0,4.0,3.0,6.0,2.0,4.0,4.0,3.0,2.0,2.0,2.0,4.0,4.0,7.0,8.0,9.0,11.0,10.0,8.0,7.0,,,2005
Port Adelaide,14.0,13.0,15.0,10.0,13.0,14.0,11.0,13.0,11.0,12.0,11.0,9.0,8.0,10.0,10.0,10.0,10.0,11.0,9.0,11.0,9.0,8.0,,,2005
Western Bulldogs,5.0,8.0,9.0,13.0,8.0,10.0,9.0,9.0,10.0,10.0,10.0,11.0,11.0,11.0,12.0,12.0,12.0,12.0,10.0,9.0,11.0,9.0,,,2005
Fremantle,3.0,4.0,7.0,12.0,9.0,8.0,6.0,6.0,8.0,8.0,9.0,12.0,12.0,12.0,11.0,11.0,11.0,8.0,8.0,8.0,7.0,10.0,,,2005
Brisbane Lions,6.0,7.0,8.0,14.0,16.0,11.0,13.0,11.0,13.0,14.0,12.0,10.0,10.0,8.0,8.0,9.0,7.0,7.0,6.0,7.0,10.0,11.0,,,2005
Richmond,13.0,12.0,6.0,5.0,7.0,7.0,4.0,3.0,3.0,4.0,5.0,5.0,7.0,7.0,6.0,8.0,9.0,10.0,12.0,12.0,12.0,12.0,,,2005
Essendon,15.0,15.0,14.0,16.0,11.0,13.0,14.0,12.0,14.0,11.0,14.0,14.0,13.0,14.0,14.0,13.0,13.0,13.0,13.0,13.0,13.0,13.0,,,2005
Hawthorn,16.0,16.0,16.0,15.0,15.0,15.0,15.0,15.0,12.0,13.0,15.0,15.0,15.0,15.0,15.0,15.0,15.0,15.0,15.0,14.0,14.0,14.0,,,2005
Collingwood,12.0,14.0,11.0,11.0,14.0,16.0,16.0,16.0,16.0,15.0,13.0,13.0,14.0,13.0,13.0,14.0,14.0,14.0,14.0,15.0,15.0,15.0,,,2005
Carlton,10.0,10.0,13.0,9.0,12.0,9.0,12.0,14.0,15.0,16.0,16.0,16.0,16.0,16.0,16.0,16.0,16.0,16.0,16.0,16.0,16.0,16.0,,,2005
Port Adelaide,1.0,3.0,2.0,2.0,2.0,3.0,4.0,6.0,4.0,4.0,5.0,4.0,4.0,3.0,3.0,3.0,3.0,4.0,2.0,2.0,1.0,1.0,,,2004
Brisbane Lions,8.0,4.0,4.0,4.0,3.0,5.0,3.0,3.0,3.0,3.0,3.0,2.0,3.0,2.0,2.0,2.0,1.0,2.0,4.0,3.0,2.0,2.0,,,2004
St Kilda,3.0,1.0,1.0,1.0,1.0,1.0,1.0,1.0,1.0,1.0,1.0,1.0,1.0,1.0,1.0,1.0,2.0,3.0,1.0,1.0,3.0,3.0,,,2004
Geelong,14.0,15.0,16.0,13.0,13.0,10.0,8.0,8.0,7.0,8.0,7.0,6.0,5.0,5.0,5.0,5.0,5.0,5.0,5.0,4.0,4.0,4.0,,,2004
Melbourne,11.0,8.0,7.0,6.0,5.0,2.0,2.0,2.0,2.0,2.0,2.0,3.0,2.0,4.0,4.0,4.0,4.0,1.0,3.0,5.0,5.0,5.0,,,2004
Sydney,9.0,5.0,5.0,3.0,6.0,7.0,7.0,10.0,8.0,7.0,6.0,8.0,8.0,7.0,7.0,7.0,8.0,7.0,8.0,7.0,6.0,6.0,,,2004
West Coast,7.0,10.0,9.0,8.0,10.0,9.0,14.0,11.0,13.0,10.0,10.0,10.0,11.0,10.0,10.0,10.0,10.0,10.0,10.0,9.0,7.0,7.0,,,2004
Essendon,16.0,16.0,13.0,9.0,8.0,6.0,6.0,4.0,6.0,5.0,4.0,5.0,6.0,8.0,6.0,8.0,9.0,8.0,9.0,8.0,9.0,8.0,,,2004
Fremantle,4.0,7.0,6.0,5.0,4.0,4.0,5.0,5.0,5.0,6.0,8.0,7.0,7.0,6.0,9.0,6.0,6.0,6.0,6.0,6.0,8.0,9.0,,,2004
Kangaroos,2.0,2.0,3.0,7.0,7.0,8.0,9.0,7.0,9.0,9.0,9.0,9.0,9.0,9.0,8.0,9.0,7.0,9.0,7.0,10.0,10.0,10.0,,,2004
Carlton,13.0,9.0,8.0,11.0,9.0,12.0,10.0,12.0,12.0,15.0,12.0,11.0,10.0,11.0,11.0,11.0,11.0,12.0,12.0,12.0,11.0,11.0,,,2004
Adelaide,15.0,14.0,15.0,16.0,11.0,14.0,12.0,14.0,14.0,12.0,14.0,15.0,12.0,12.0,12.0,12.0,13.0,13.0,13.0,13.0,12.0,12.0,,,2004
Collingwood,12.0,12.0,12.0,15.0,15.0,16.0,16.0,16.0,16.0,14.0,11.0,13.0,14.0,13.0,13.0,13.0,12.0,11.0,11.0,11.0,13.0,13.0,,,2004
Western Bulldogs,10.0,13.0,14.0,10.0,12.0,11.0,13.0,13.0,11.0,13.0,15.0,12.0,13.0,14.0,14.0,14.0,14.0,14.0,14.0,14.0,14.0,14.0,,,2004
Hawthorn,6.0,6.0,10.0,12.0,14.0,15.0,15.0,15.0,15.0,16.0,16.0,16.0,16.0,16.0,16.0,16.0,16.0,16.0,16.0,16.0,15.0,15.0,,,2004
Richmond,5.0,11.0,11.0,14.0,16.0,13.0,11.0,9.0,10.0,11.0,13.0,14.0,15.0,15.0,15.0,15.0,15.0,15.0,15.0,15.0,16.0,16.0,,,2004
Port Adelaide,14.0,15.0,9.0,7.0,6.0,4.0,5.0,4.0,3.0,3.0,2.0,1.0,1.0,1.0,1.0,1.0,1.0,1.0,1.0,1.0,1.0,1.0,,,2003
Collingwood,6.0,3.0,1.0,3.0,7.0,8.0,8.0,9.0,8.0,9.0,8.0,8.0,8.0,7.0,6.0,6.0,5.0,3.0,4.0,3.0,2.0,2.0,,,2003
Brisbane Lions,2.0,1.0,2.0,1.0,1.0,1.0,1.0,1.0,1.0,1.0,1.0,3.0,3.0,3.0,3.0,4.0,6.0,6.0,3.0,6.0,3.0,3.0,,,2003
Sydney,1.0,4.0,8.0,12.0,9.0,7.0,6.0,5.0,7.0,6.0,4.0,4.0,5.0,5.0,5.0,2.0,2.0,4.0,5.0,4.0,6.0,4.0,,,2003
Fremantle,13.0,13.0,14.0,10.0,11.0,10.0,7.0,6.0,4.0,4.0,5.0,5.0,6.0,6.0,7.0,7.0,7.0,7.0,6.0,5.0,8.0,5.0,,,2003
Adelaide,4.0,6.0,5.0,2.0,4.0,2.0,4.0,7.0,6.0,5.0,7.0,7.0,4.0,4.0,4.0,5.0,4.0,2.0,2.0,2.0,4.0,6.0,,,2003
West Coast,3.0,5.0,4.0,6.0,3.0,3.0,2.0,2.0,2.0,2.0,3.0,2.0,2.0,2.0,2.0,3.0,3.0,5.0,7.0,7.0,5.0,7.0,,,2003
Essendon,15.0,10.0,11.0,8.0,5.0,6.0,11.0,8.0,10.0,10.0,11.0,11.0,9.0,9.0,9.0,9.0,9.0,8.0,8.0,8.0,7.0,8.0,,,2003
Hawthorn,9.0,8.0,12.0,9.0,10.0,9.0,12.0,14.0,13.0,13.0,12.0,12.0,11.0,10.0,10.0,10.0,10.0,10.0,10.0,9.0,9.0,9.0,,,2003
Kangaroos,7.0,2.0,3.0,5.0,8.0,12.0,10.0,11.0,9.0,8.0,6.0,6.0,7.0,8.0,8.0,8.0,8.0,9.0,9.0,11.0,11.0,10.0,,,2003
St Kilda,10.0,11.0,15.0,16.0,12.0,11.0,9.0,10.0,11.0,11.0,10.0,10.0,12.0,12.0,12.0,11.0,12.0,11.0,11.0,10.0,10.0,11.0,,,2003
Geelong,12.0,14.0,16.0,14.0,16.0,16.0,16.0,16.0,15.0,15.0,13.0,14.0,15.0,14.0,13.0,13.0,13.0,13.0,13.0,13.0,13.0,12.0,,,2003
Richmond,11.0,9.0,6.0,4.0,2.0,5.0,3.0,3.0,5.0,7.0,9.0,9.0,10.0,11.0,11.0,12.0,11.0,12.0,12.0,12.0,12.0,13.0,,,2003
Melbourne,8.0,12.0,7.0,11.0,13.0,13.0,13.0,12.0,12.0,12.0,14.0,15.0,13.0,13.0,14.0,14.0,14.0,14.0,14.0,14.0,14.0,14.0,,,2003
Carlton,16.0,16.0,13.0,15.0,14.0,14.0,14.0,13.0,14.0,14.0,15.0,13.0,14.0,15.0,15.0,15.0,15.0,15.0,15.0,15.0,15.0,15.0,,,2003
Western Bulldogs,5.0,7.0,10.0,13.0,15.0,15.0,15.0,15.0,16.0,16.0,16.0,16.0,16.0,16.0,16.0,16.0,16.0,16.0,16.0,16.0,16.0,16.0,,,2003
Port Adelaide,9.0,13.0,8.0,5.0,4.0,2.0,5.0,3.0,2.0,2.0,2.0,1.0,1.0,1.0,1.0,1.0,2.0,2.0,2.0,2.0,2.0,1.0,,,2002
Brisbane Lions,4.0,1.0,1.0,1.0,1.0,1.0,1.0,1.0,1.0,1.0,1.0,2.0,2.0,2.0,2.0,2.0,1.0,1.0,1.0,1.0,1.0,2.0,,,2002
Adelaide,6.0,3.0,2.0,4.0,8.0,4.0,3.0,5.0,4.0,3.0,4.0,4.0,4.0,5.0,4.0,4.0,4.0,4.0,3.0,3.0,3.0,3.0,,,2002
Collingwood,14.0,11.0,11.0,11.0,9.0,3.0,2.0,2.0,5.0,4.0,3.0,3.0,3.0,3.0,3.0,3.0,3.0,3.0,4.0,4.0,4.0,4.0,,,2002
Essendon,1.0,2.0,3.0,2.0,5.0,8.0,6.0,4.0,3.0,5.0,5.0,5.0,5.0,4.0,8.0,10.0,7.0,8.0,10.0,8.0,6.0,5.0,,,2002
Melbourne,5.0,4.0,5.0,3.0,2.0,5.0,4.0,6.0,6.0,6.0,7.0,7.0,7.0,8.0,5.0,6.0,8.0,9.0,6.0,5.0,7.0,6.0,,,2002
Kangaroos,8.0,5.0,6.0,10.0,7.0,11.0,12.0,10.0,10.0,9.0,8.0,10.0,10.0,9.0,9.0,8.0,9.0,7.0,8.0,7.0,5.0,7.0,,,2002
West Coast,7.0,8.0,4.0,9.0,6.0,9.0,7.0,8.0,7.0,7.0,6.0,6.0,6.0,6.0,7.0,7.0,6.0,5.0,7.0,9.0,9.0,8.0,,,2002
Geelong,16.0,14.0,13.0,6.0,3.0,7.0,10.0,13.0,14.0,12.0,10.0,9.0,8.0,7.0,6.0,5.0,5.0,6.0,5.0,6.0,8.0,9.0,,,2002
Hawthorn,12.0,15.0,15.0,14.0,13.0,12.0,8.0,7.0,8.0,10.0,12.0,12.0,11.0,10.0,10.0,9.0,10.0,10.0,9.0,10.0,10.0,10.0,,,2002
Sydney,13.0,6.0,9.0,8.0,10.0,6.0,9.0,12.0,12.0,14.0,14.0,14.0,13.0,13.0,13.0,13.0,13.0,13.0,13.0,13.0,12.0,11.0,,,2002
Western Bulldogs,11.0,12.0,16.0,16.0,16.0,15.0,15.0,14.0,13.0,11.0,9.0,8.0,9.0,11.0,11.0,12.0,11.0,11.0,11.0,12.0,13.0,12.0,,,2002
Fremantle,10.0,10.0,10.0,7.0,11.0,10.0,11.0,9.0,9.0,8.0,11.0,11.0,12.0,12.0,12.0,11.0,12.0,12.0,12.0,11.0,11.0,13.0,,,2002
Richmond,3.0,9.0,7.0,12.0,12.0,13.0,13.0,11.0,11.0,13.0,13.0,13.0,14.0,14.0,14.0,15.0,15.0,15.0,14.0,14.0,14.0,14.0,,,2002
St Kilda,2.0,7.0,12.0,15.0,14.0,14.0,14.0,15.0,15.0,15.0,15.0,15.0,15.0,15.0,15.0,14.0,14.0,14.0,15.0,15.0,15.0,15.0,,,2002
Carlton,15.0,16.0,14.0,13.0,15.0,16.0,16.0,16.0,16.0,16.0,16.0,16.0,16.0,16.0,16.0,16.0,16.0,16.0,16.0,16.0,16.0,16.0,,,2002
Essendon,1.0,1.0,3.0,2.0,2.0,2.0,2.0,2.0,1.0,1.0,1.0,1.0,1.0,1.0,1.0,1.0,1.0,1.0,1.0,1.0,1.0,1.0,,,2001
Brisbane Lions,12.0,5.0,10.0,12.0,9.0,6.0,5.0,7.0,9.0,8.0,8.0,7.0,6.0,5.0,3.0,2.0,2.0,2.0,2.0,2.0,2.0,2.0,,,2001
Port Adelaide,5.0,12.0,6.0,4.0,3.0,3.0,3.0,3.0,3.0,2.0,2.0,4.0,7.0,4.0,2.0,5.0,4.0,3.0,3.0,3.0,3.0,3.0,,,2001
Richmond,4.0,8.0,7.0,5.0,4.0,4.0,4.0,5.0,7.0,5.0,5.0,5.0,3.0,6.0,6.0,6.0,5.0,5.0,5.0,5.0,4.0,4.0,,,2001
Carlton,8.0,10.0,9.0,9.0,6.0,9.0,6.0,4.0,4.0,4.0,4.0,3.0,2.0,3.0,5.0,4.0,6.0,6.0,6.0,6.0,5.0,5.0,,,2001
Hawthorn,6.0,4.0,2.0,1.0,1.0,1.0,1.0,1.0,2.0,3.0,3.0,2.0,4.0,2.0,4.0,3.0,3.0,4.0,4.0,4.0,6.0,6.0,,,2001
Sydney,3.0,3.0,1.0,3.0,5.0,8.0,9.0,11.0,10.0,9.0,7.0,9.0,9.0,8.0,8.0,7.0,7.0,7.0,7.0,7.0,7.0,7.0,,,2001
Adelaide,14.0,14.0,15.0,14.0,13.0,13.0,11.0,10.0,8.0,6.0,10.0,10.0,12.0,12.0,10.0,12.0,11.0,10.0,9.0,8.0,8.0,8.0,,,2001
Collingwood,11.0,7.0,4.0,6.0,8.0,7.0,8.0,6.0,5.0,7.0,6.0,6.0,5.0,7.0,7.0,9.0,8.0,8.0,8.0,9.0,9.0,9.0,,,2001
Western Bulldogs,10.0,6.0,11.0,8.0,11.0,10.0,10.0,8.0,6.0,10.0,9.0,8.0,8.0,11.0,11.0,8.0,10.0,11.0,12.0,10.0,10.0,10.0,,,2001
Melbourne,13.0,11.0,8.0,11.0,7.0,5.0,7.0,9.0,12.0,11.0,12.0,13.0,13.0,13.0,13.0,13.0,13.0,13.0,13.0,13.0,13.0,11.0,,,2001
Geelong,2.0,2.0,5.0,7.0,10.0,11.0,12.0,12.0,11.0,12.0,11.0,11.0,10.0,9.0,12.0,10.0,9.0,9.0,10.0,11.0,11.0,12.0,,,2001
Kangaroos,16.0,16.0,16.0,15.0,15.0,15.0,15.0,13.0,13.0,13.0,13.0,12.0,11.0,10.0,9.0,11.0,12.0,12.0,11.0,12.0,12.0,13.0,,,2001
West Coast,15.0,15.0,13.0,10.0,12.0,14.0,14.0,15.0,15.0,15.0,15.0,15.0,15.0,15.0,15.0,15.0,15.0,14.0,14.0,14.0,14.0,14.0,,,2001
St Kilda,7.0,9.0,12.0,13.0,14.0,12.0,13.0,14.0,14.0,14.0,14.0,14.0,14.0,14.0,14.0,14.0,14.0,15.0,15.0,15.0,15.0,15.0,,,2001
Fremantle,9.0,13.0,14.0,16.0,16.0,16.0,16.0,16.0,16.0,16.0,16.0,16.0,16.0,16.0,16.0,16.0,16.0,16.0,16.0,16.0,16.0,16.0,,,2001
Essendon,1.0,1.0,1.0,1.0,1.0,1.0,1.0,1.0,1.0,1.0,1.0,1.0,1.0,1.0,1.0,1.0,1.0,1.0,1.0,1.0,1.0,1.0,,,2000
Carlton,4.0,2.0,6.0,10.0,10.0,8.0,6.0,4.0,2.0,2.0,2.0,2.0,2.0,2.0,2.0,2.0,2.0,2.0,2.0,2.0,2.0,2.0,,,2000
Melbourne,9.0,7.0,8.0,7.0,4.0,6.0,5.0,3.0,5.0,5.0,7.0,8.0,8.0,6.0,6.0,5.0,5.0,5.0,4.0,4.0,3.0,3.0,,,2000
Kangaroos,14.0,13.0,11.0,9.0,7.0,4.0,4.0,6.0,4.0,3.0,4.0,4.0,5.0,4.0,4.0,3.0,3.0,3.0,3.0,3.0,4.0,4.0,,,2000
Geelong,7.0,4.0,3.0,4.0,3.0,2.0,2.0,2.0,3.0,4.0,6.0,5.0,3.0,5.0,5.0,4.0,4.0,4.0,5.0,5.0,6.0,5.0,,,2000
Brisbane Lions,13.0,10.0,9.0,11.0,9.0,10.0,9.0,14.0,12.0,12.0,9.0,12.0,9.0,11.0,8.0,9.0,8.0,9.0,8.0,8.0,7.0,6.0,,,2000
Western Bulldogs,6.0,9.0,5.0,3.0,5.0,9.0,10.0,12.0,11.0,8.0,8.0,6.0,6.0,7.0,7.0,6.0,6.0,6.0,6.0,6.0,5.0,7.0,,,2000
Hawthorn,15.0,15.0,13.0,13.0,13.0,13.0,12.0,9.0,8.0,10.0,11.0,9.0,11.0,9.0,10.0,8.0,10.0,7.0,10.0,9.0,8.0,8.0,,,2000
Richmond,8.0,11.0,12.0,12.0,11.0,11.0,11.0,8.0,7.0,6.0,3.0,3.0,4.0,3.0,3.0,7.0,7.0,8.0,7.0,7.0,9.0,9.0,,,2000
Sydney,5.0,5.0,4.0,5.0,6.0,7.0,8.0,11.0,10.0,11.0,12.0,13.0,12.0,12.0,14.0,12.0,11.0,12.0,11.0,10.0,10.0,10.0,,,2000
Adelaide,11.0,12.0,15.0,16.0,16.0,14.0,14.0,13.0,14.0,14.0,13.0,10.0,10.0,8.0,9.0,10.0,9.0,10.0,9.0,11.0,11.0,11.0,,,2000
Fremantle,10.0,8.0,10.0,8.0,12.0,12.0,13.0,10.0,13.0,13.0,14.0,14.0,14.0,14.0,13.0,14.0,12.0,13.0,13.0,13.0,12.0,12.0,,,2000
West Coast,3.0,6.0,7.0,6.0,8.0,5.0,7.0,7.0,9.0,7.0,5.0,7.0,7.0,10.0,11.0,11.0,13.0,11.0,12.0,12.0,13.0,13.0,,,2000
Port Adelaide,16.0,16.0,16.0,14.0,14.0,15.0,15.0,15.0,15.0,15.0,16.0,16.0,15.0,15.0,15.0,15.0,15.0,15.0,15.0,15.0,15.0,14.0,,,2000
Collingwood,2.0,3.0,2.0,2.0,2.0,3.0,3.0,5.0,6.0,9.0,10.0,11.0,13.0,13.0,12.0,13.0,14.0,14.0,14.0,14.0,14.0,15.0,,,2000
St Kilda,12.0,14.0,14.0,15.0,15.0,16.0,16.0,16.0,16.0,16.0,15.0,15.0,16.0,16.0,16.0,16.0,16.0,16.0,16.0,16.0,16.0,16.0,,,2000
Essendon,2.0,1.0,1.0,3.0,3.0,2.0,3.0,4.0,5.0,2.0,2.0,2.0,2.0,2.0,2.0,1.0,1.0,1.0,1.0,1.0,1.0,1.0,,,1999
Kangaroos,10.0,14.0,11.0,13.0,12.0,7.0,5.0,3.0,3.0,4.0,3.0,3.0,3.0,3.0,3.0,2.0,2.0,2.0,2.0,2.0,2.0,2.0,,,1999
Brisbane Lions,1.0,5.0,8.0,6.0,4.0,4.0,2.0,2.0,2.0,5.0,4.0,5.0,4.0,5.0,5.0,5.0,4.0,3.0,3.0,3.0,3.0,3.0,,,1999
Western Bulldogs,6.0,8.0,9.0,12.0,9.0,12.0,10.0,7.0,6.0,6.0,6.0,4.0,5.0,4.0,4.0,4.0,3.0,5.0,4.0,4.0,4.0,4.0,,,1999
West Coast,8.0,4.0,3.0,1.0,1.0,1.0,1.0,1.0,1.0,1.0,1.0,1.0,1.0,1.0,1.0,3.0,5.0,4.0,5.0,5.0,5.0,5.0,,,1999
Carlton,15.0,9.0,7.0,5.0,8.0,11.0,9.0,11.0,8.0,7.0,8.0,8.0,9.0,8.0,8.0,10.0,9.0,6.0,6.0,6.0,6.0,6.0,,,1999
Port Adelaide,3.0,2.0,2.0,4.0,6.0,9.0,12.0,8.0,11.0,11.0,10.0,14.0,11.0,9.0,9.0,6.0,6.0,7.0,7.0,7.0,7.0,7.0,,,1999
Sydney,14.0,15.0,16.0,14.0,14.0,14.0,13.0,12.0,13.0,9.0,7.0,7.0,7.0,7.0,7.0,9.0,8.0,9.0,9.0,8.0,8.0,8.0,,,1999
Hawthorn,4.0,6.0,5.0,7.0,10.0,6.0,11.0,14.0,14.0,13.0,12.0,9.0,12.0,13.0,14.0,14.0,14.0,13.0,13.0,11.0,9.0,9.0,,,1999
St Kilda,16.0,12.0,13.0,10.0,13.0,8.0,6.0,5.0,4.0,3.0,5.0,6.0,6.0,6.0,6.0,7.0,7.0,8.0,8.0,9.0,10.0,10.0,,,1999
Geelong,7.0,3.0,4.0,2.0,2.0,3.0,4.0,6.0,7.0,8.0,9.0,11.0,13.0,14.0,11.0,12.0,12.0,12.0,12.0,10.0,11.0,11.0,,,1999
Richmond,12.0,7.0,10.0,8.0,11.0,13.0,14.0,13.0,9.0,10.0,13.0,10.0,8.0,10.0,10.0,8.0,10.0,11.0,10.0,12.0,12.0,12.0,,,1999
Adelaide,11.0,10.0,6.0,11.0,5.0,5.0,7.0,9.0,10.0,12.0,14.0,12.0,14.0,11.0,12.0,11.0,11.0,10.0,11.0,13.0,13.0,13.0,,,1999
Melbourne,5.0,11.0,12.0,9.0,7.0,10.0,8.0,10.0,12.0,14.0,11.0,13.0,10.0,12.0,13.0,13.0,13.0,14.0,14.0,14.0,14.0,14.0,,,1999
Fremantle,9.0,13.0,14.0,15.0,15.0,16.0,15.0,16.0,16.0,15.0,15.0,15.0,15.0,15.0,15.0,15.0,15.0,15.0,15.0,15.0,15.0,15.0,,,1999
Collingwood,13.0,16.0,15.0,16.0,16.0,15.0,16.0,15.0,15.0,16.0,16.0,16.0,16.0,16.0,16.0,16.0,16.0,16.0,16.0,16.0,16.0,16.0,,,1999
North Melbourne,8.0,10.0,6.0,3.0,6.0,6.0,7.0,5.0,3.0,4.0,4.0,7.0,7.0,6.0,6.0,3.0,3.0,2.0,2.0,1.0,1.0,1.0,,,1998
Western Bulldogs,1.0,1.0,1.0,1.0,2.0,2.0,2.0,1.0,1.0,1.0,1.0,1.0,1.0,2.0,1.0,1.0,1.0,1.0,1.0,2.0,2.0,2.0,,,1998
Sydney,7.0,2.0,2.0,2.0,1.0,1.0,1.0,2.0,2.0,2.0,3.0,4.0,4.0,7.0,7.0,4.0,4.0,3.0,3.0,3.0,3.0,3.0,,,1998
Melbourne,14.0,7.0,5.0,4.0,3.0,3.0,3.0,3.0,4.0,6.0,5.0,8.0,9.0,8.0,8.0,8.0,9.0,9.0,9.0,8.0,5.0,4.0,,,1998
Adelaide,12.0,3.0,9.0,12.0,9.0,10.0,9.0,10.0,8.0,7.0,10.0,10.0,5.0,3.0,3.0,5.0,7.0,6.0,5.0,4.0,6.0,5.0,,,1998
St Kilda,4.0,13.0,8.0,5.0,4.0,4.0,4.0,4.0,5.0,3.0,2.0,2.0,2.0,1.0,2.0,2.0,2.0,4.0,4.0,7.0,4.0,6.0,,,1998
West Coast,9.0,5.0,3.0,6.0,10.0,11.0,12.0,11.0,9.0,8.0,7.0,3.0,3.0,4.0,5.0,7.0,6.0,5.0,7.0,5.0,7.0,7.0,,,1998
Essendon,11.0,4.0,4.0,7.0,11.0,12.0,13.0,12.0,10.0,9.0,6.0,9.0,11.0,11.0,10.0,9.0,8.0,7.0,6.0,6.0,8.0,8.0,,,1998
Richmond,6.0,9.0,7.0,10.0,7.0,8.0,8.0,6.0,7.0,5.0,8.0,6.0,6.0,5.0,4.0,6.0,5.0,8.0,8.0,9.0,9.0,9.0,,,1998
Port Adelaide,10.0,6.0,10.0,8.0,12.0,7.0,5.0,7.0,6.0,10.0,11.0,11.0,10.0,9.0,9.0,10.0,10.0,10.0,10.0,10.0,10.0,10.0,,,1998
Carlton,5.0,12.0,11.0,13.0,14.0,15.0,16.0,16.0,16.0,16.0,15.0,14.0,16.0,15.0,15.0,14.0,14.0,14.0,14.0,13.0,11.0,11.0,,,1998
Geelong,13.0,8.0,13.0,14.0,15.0,13.0,10.0,9.0,12.0,12.0,9.0,5.0,8.0,10.0,11.0,12.0,12.0,12.0,11.0,11.0,12.0,12.0,,,1998
Hawthorn,15.0,16.0,15.0,15.0,13.0,14.0,14.0,14.0,14.0,14.0,14.0,16.0,15.0,16.0,16.0,16.0,16.0,16.0,15.0,15.0,13.0,13.0,,,1998
Collingwood,2.0,11.0,12.0,9.0,5.0,5.0,6.0,8.0,11.0,11.0,12.0,12.0,13.0,13.0,12.0,11.0,11.0,11.0,12.0,12.0,14.0,14.0,,,1998
Fremantle,3.0,14.0,14.0,11.0,8.0,9.0,11.0,13.0,13.0,13.0,13.0,13.0,12.0,12.0,13.0,13.0,13.0,13.0,13.0,14.0,15.0,15.0,,,1998
Brisbane Lions,16.0,15.0,16.0,16.0,16.0,16.0,15.0,15.0,15.0,15.0,16.0,15.0,14.0,14.0,14.0,15.0,15.0,15.0,16.0,16.0,16.0,16.0,,,1998
St Kilda,11.0,16.0,15.0,16.0,15.0,15.0,11.0,8.0,6.0,8.0,7.0,6.0,7.0,4.0,5.0,4.0,3.0,4.0,2.0,2.0,1.0,1.0,,,1997
Geelong,12.0,10.0,12.0,11.0,7.0,4.0,3.0,2.0,3.0,1.0,3.0,4.0,2.0,2.0,1.0,1.0,1.0,1.0,3.0,1.0,2.0,2.0,,,1997
Western Bulldogs,9.0,9.0,4.0,3.0,6.0,6.0,4.0,4.0,4.0,2.0,1.0,1.0,1.0,1.0,2.0,2.0,6.0,9.0,7.0,6.0,4.0,3.0,,,1997
Adelaide,3.0,8.0,10.0,13.0,12.0,13.0,8.0,6.0,5.0,3.0,2.0,2.0,4.0,3.0,3.0,3.0,2.0,2.0,1.0,3.0,3.0,4.0,,,1997
West Coast,1.0,6.0,3.0,1.0,1.0,2.0,1.0,3.0,2.0,5.0,5.0,3.0,5.0,8.0,6.0,9.0,9.0,7.0,6.0,5.0,7.0,5.0,,,1997
Sydney,16.0,14.0,13.0,8.0,14.0,8.0,9.0,14.0,12.0,14.0,11.0,9.0,9.0,9.0,7.0,6.0,4.0,3.0,4.0,4.0,5.0,6.0,,,1997
North Melbourne,13.0,7.0,11.0,14.0,11.0,7.0,10.0,7.0,10.0,7.0,6.0,5.0,6.0,10.0,11.0,8.0,8.0,6.0,5.0,7.0,6.0,7.0,,,1997
Brisbane Lions,14.0,5.0,8.0,6.0,10.0,12.0,15.0,15.0,14.0,11.0,14.0,13.0,12.0,7.0,4.0,5.0,7.0,5.0,8.0,8.0,8.0,8.0,,,1997
Port Adelaide,15.0,15.0,14.0,12.0,8.0,5.0,7.0,11.0,9.0,6.0,9.0,7.0,3.0,6.0,9.0,7.0,5.0,8.0,9.0,9.0,9.0,9.0,,,1997
Collingwood,2.0,1.0,2.0,5.0,2.0,1.0,2.0,1.0,1.0,4.0,4.0,8.0,11.0,13.0,10.0,13.0,11.0,11.0,12.0,11.0,12.0,10.0,,,1997
Carlton,10.0,13.0,9.0,7.0,13.0,14.0,12.0,10.0,7.0,9.0,8.0,12.0,10.0,12.0,12.0,10.0,12.0,12.0,11.0,12.0,10.0,11.0,,,1997
Fremantle,8.0,4.0,7.0,10.0,5.0,10.0,6.0,5.0,8.0,10.0,12.0,10.0,13.0,11.0,13.0,12.0,10.0,10.0,10.0,10.0,11.0,12.0,,,1997
Richmond,5.0,3.0,5.0,4.0,9.0,11.0,14.0,12.0,13.0,15.0,13.0,14.0,15.0,15.0,15.0,15.0,15.0,14.0,15.0,14.0,13.0,13.0,,,1997
Essendon,7.0,2.0,1.0,2.0,3.0,3.0,5.0,9.0,11.0,13.0,15.0,15.0,14.0,14.0,14.0,14.0,14.0,15.0,14.0,15.0,14.0,14.0,,,1997
Hawthorn,6.0,11.0,6.0,9.0,4.0,9.0,13.0,13.0,15.0,12.0,10.0,11.0,8.0,5.0,8.0,11.0,13.0,13.0,13.0,13.0,15.0,15.0,,,1997
Melbourne,4.0,12.0,16.0,15.0,16.0,16.0,16.0,16.0,16.0,16.0,16.0,16.0,16.0,16.0,16.0,16.0,16.0,16.0,16.0,16.0,16.0,16.0,,,1997
Sydney,15.0,14.0,11.0,10.0,8.0,7.0,5.0,7.0,7.0,5.0,5.0,4.0,4.0,2.0,1.0,1.0,2.0,2.0,1.0,1.0,2.0,1.0,,,1996
North Melbourne,6.0,1.0,1.0,2.0,3.0,2.0,4.0,3.0,1.0,1.0,2.0,2.0,1.0,1.0,3.0,3.0,1.0,1.0,2.0,2.0,4.0,2.0,,,1996
Brisbane Bears,3.0,3.0,3.0,3.0,1.0,1.0,1.0,1.0,2.0,3.0,3.0,3.0,6.0,7.0,5.0,5.0,5.0,5.0,3.0,3.0,1.0,3.0,,,1996
West Coast,4.0,9.0,10.0,14.0,14.0,12.0,11.0,8.0,8.0,7.0,7.0,6.0,5.0,3.0,2.0,2.0,3.0,3.0,4.0,4.0,3.0,4.0,,,1996
Carlton,7.0,5.0,8.0,5.0,5.0,3.0,2.0,4.0,3.0,2.0,1.0,1.0,2.0,4.0,4.0,4.0,4.0,4.0,5.0,5.0,5.0,5.0,,,1996
Essendon,8.0,10.0,6.0,9.0,11.0,11.0,10.0,6.0,6.0,6.0,6.0,7.0,7.0,6.0,7.0,7.0,7.0,7.0,7.0,7.0,7.0,6.0,,,1996
Geelong,1.0,4.0,5.0,4.0,4.0,6.0,9.0,5.0,5.0,4.0,4.0,5.0,3.0,5.0,6.0,6.0,6.0,6.0,6.0,6.0,6.0,7.0,,,1996
Hawthorn,5.0,11.0,12.0,11.0,12.0,13.0,13.0,13.0,13.0,13.0,10.0,10.0,10.0,10.0,9.0,8.0,9.0,9.0,8.0,9.0,9.0,8.0,,,1996
Richmond,9.0,7.0,7.0,7.0,9.0,8.0,6.0,9.0,9.0,9.0,9.0,8.0,8.0,8.0,8.0,9.0,8.0,8.0,9.0,8.0,8.0,9.0,,,1996
St Kilda,11.0,12.0,15.0,13.0,10.0,9.0,8.0,11.0,11.0,11.0,11.0,11.0,11.0,11.0,11.0,12.0,12.0,11.0,10.0,10.0,10.0,10.0,,,1996
Collingwood,10.0,6.0,9.0,6.0,6.0,4.0,7.0,10.0,10.0,10.0,12.0,12.0,12.0,13.0,12.0,11.0,11.0,12.0,12.0,12.0,11.0,11.0,,,1996
Adelaide,2.0,2.0,2.0,1.0,2.0,5.0,3.0,2.0,4.0,8.0,8.0,9.0,9.0,9.0,10.0,10.0,10.0,10.0,11.0,11.0,12.0,12.0,,,1996
Fremantle,13.0,8.0,4.0,8.0,7.0,10.0,12.0,12.0,12.0,12.0,13.0,13.0,13.0,14.0,14.0,14.0,13.0,13.0,13.0,14.0,14.0,13.0,,,1996
Melbourne,16.0,15.0,14.0,15.0,15.0,15.0,15.0,16.0,16.0,15.0,14.0,14.0,14.0,12.0,13.0,13.0,14.0,14.0,14.0,13.0,13.0,14.0,,,1996
Footscray,14.0,16.0,13.0,12.0,13.0,14.0,14.0,14.0,14.0,14.0,15.0,15.0,15.0,15.0,15.0,15.0,15.0,15.0,15.0,15.0,15.0,15.0,,,1996
Fitzroy,12.0,13.0,16.0,16.0,16.0,16.0,16.0,15.0,15.0,16.0,16.0,16.0,16.0,16.0,16.0,16.0,16.0,16.0,16.0,16.0,16.0,16.0,,,1996
Carlton,4.0,1.0,1.0,1.0,1.0,1.0,1.0,1.0,4.0,3.0,3.0,2.0,1.0,1.0,1.0,1.0,1.0,1.0,1.0,1.0,1.0,1.0,,,1995
Geelong,6.0,7.0,5.0,5.0,5.0,4.0,4.0,4.0,3.0,2.0,2.0,3.0,3.0,2.0,3.0,3.0,2.0,4.0,2.0,3.0,3.0,2.0,,,1995
Richmond,7.0,5.0,4.0,2.0,2.0,2.0,2.0,2.0,1.0,1.0,1.0,1.0,2.0,3.0,2.0,2.0,3.0,2.0,4.0,4.0,4.0,3.0,,,1995
Essendon,1.0,2.0,3.0,3.0,3.0,3.0,3.0,3.0,2.0,4.0,4.0,4.0,5.0,5.0,4.0,4.0,4.0,3.0,3.0,2.0,2.0,4.0,,,1995
West Coast,3.0,3.0,2.0,4.0,4.0,5.0,5.0,5.0,5.0,5.0,5.0,5.0,6.0,6.0,6.0,5.0,5.0,5.0,5.0,5.0,5.0,5.0,,,1995
North Melbourne,8.0,6.0,7.0,11.0,12.0,10.0,7.0,6.0,6.0,6.0,6.0,6.0,4.0,4.0,5.0,6.0,6.0,6.0,6.0,6.0,6.0,6.0,,,1995
Footscray,5.0,4.0,8.0,6.0,6.0,6.0,8.0,8.0,10.0,11.0,13.0,12.0,11.0,8.0,8.0,7.0,7.0,7.0,7.0,7.0,7.0,7.0,,,1995
Brisbane Bears,15.0,9.0,6.0,10.0,11.0,12.0,12.0,12.0,13.0,14.0,12.0,13.0,14.0,14.0,14.0,14.0,12.0,12.0,12.0,10.0,10.0,8.0,,,1995
Melbourne,11.0,13.0,13.0,14.0,14.0,15.0,14.0,14.0,12.0,8.0,11.0,9.0,9.0,7.0,7.0,8.0,8.0,8.0,8.0,8.0,8.0,9.0,,,1995
Collingwood,13.0,14.0,14.0,13.0,13.0,14.0,13.0,13.0,14.0,12.0,10.0,10.0,7.0,9.0,9.0,9.0,10.0,9.0,9.0,9.0,9.0,10.0,,,1995
Adelaide,9.0,12.0,9.0,8.0,10.0,9.0,10.0,11.0,9.0,9.0,8.0,7.0,10.0,11.0,11.0,11.0,11.0,10.0,10.0,11.0,11.0,11.0,,,1995
Sydney,12.0,11.0,12.0,12.0,8.0,11.0,11.0,9.0,11.0,13.0,14.0,14.0,13.0,13.0,12.0,12.0,13.0,14.0,13.0,12.0,13.0,12.0,,,1995
Fremantle,10.0,10.0,11.0,9.0,9.0,7.0,9.0,10.0,7.0,7.0,7.0,8.0,12.0,12.0,13.0,13.0,14.0,13.0,14.0,14.0,12.0,13.0,,,1995
St Kilda,14.0,15.0,15.0,15.0,16.0,16.0,15.0,16.0,15.0,16.0,16.0,16.0,15.0,15.0,15.0,15.0,15.0,15.0,15.0,15.0,15.0,14.0,,,1995
Hawthorn,2.0,8.0,10.0,7.0,7.0,8.0,6.0,7.0,8.0,10.0,9.0,11.0,8.0,10.0,10.0,10.0,9.0,11.0,11.0,13.0,14.0,15.0,,,1995
Fitzroy,16.0,16.0,16.0,16.0,15.0,13.0,16.0,15.0,16.0,15.0,15.0,15.0,16.0,16.0,16.0,16.0,16.0,16.0,16.0,16.0,16.0,16.0,,,1995
West Coast,10.0,6.0,4.0,4.0,4.0,2.0,2.0,1.0,1.0,1.0,1.0,1.0,1.0,1.0,1.0,1.0,1.0,1.0,1.0,1.0,1.0,1.0,2.0,1.0,1994
Carlton,15.0,14.0,10.0,6.0,7.0,5.0,6.0,7.0,6.0,6.0,4.0,4.0,3.0,2.0,2.0,2.0,2.0,2.0,2.0,2.0,2.0,2.0,1.0,2.0,1994
North Melbourne,8.0,1.0,1.0,1.0,2.0,4.0,3.0,3.0,2.0,3.0,2.0,2.0,2.0,3.0,4.0,5.0,3.0,3.0,3.0,3.0,3.0,6.0,4.0,3.0,1994
Geelong,14.0,7.0,7.0,10.0,9.0,9.0,8.0,4.0,4.0,4.0,8.0,6.0,6.0,8.0,11.0,8.0,11.0,10.0,6.0,8.0,5.0,8.0,5.0,4.0,1994
Footscray,7.0,12.0,11.0,13.0,11.0,11.0,9.0,9.0,10.0,10.0,10.0,10.0,9.0,5.0,7.0,9.0,8.0,5.0,8.0,6.0,4.0,3.0,3.0,5.0,1994
Hawthorn,3.0,9.0,14.0,15.0,13.0,12.0,11.0,8.0,5.0,7.0,5.0,3.0,4.0,4.0,3.0,3.0,4.0,4.0,7.0,7.0,6.0,9.0,6.0,6.0,1994
Melbourne,2.0,2.0,2.0,2.0,1.0,1.0,1.0,2.0,3.0,2.0,3.0,5.0,7.0,11.0,9.0,10.0,9.0,9.0,5.0,5.0,9.0,7.0,9.0,7.0,1994
Collingwood,5.0,3.0,3.0,3.0,3.0,6.0,7.0,5.0,7.0,5.0,6.0,8.0,5.0,7.0,5.0,4.0,7.0,8.0,9.0,9.0,7.0,4.0,7.0,8.0,1994
Richmond,9.0,4.0,9.0,12.0,8.0,8.0,5.0,10.0,11.0,11.0,12.0,11.0,11.0,9.0,8.0,6.0,5.0,6.0,4.0,4.0,8.0,5.0,8.0,9.0,1994
Essendon,6.0,10.0,8.0,11.0,10.0,10.0,12.0,11.0,8.0,8.0,7.0,7.0,8.0,6.0,6.0,7.0,6.0,7.0,10.0,10.0,10.0,10.0,10.0,10.0,1994
Adelaide,1.0,5.0,5.0,5.0,5.0,3.0,4.0,6.0,9.0,9.0,9.0,9.0,10.0,10.0,10.0,12.0,10.0,12.0,12.0,12.0,12.0,12.0,11.0,11.0,1994
Brisbane Bears,4.0,11.0,12.0,7.0,12.0,13.0,14.0,14.0,15.0,13.0,11.0,12.0,12.0,12.0,12.0,11.0,12.0,11.0,11.0,11.0,11.0,11.0,12.0,12.0,1994
St Kilda,13.0,15.0,13.0,14.0,15.0,15.0,13.0,13.0,13.0,14.0,13.0,14.0,14.0,14.0,14.0,14.0,14.0,13.0,13.0,14.0,14.0,13.0,13.0,13.0,1994
Fitzroy,11.0,8.0,6.0,8.0,6.0,7.0,10.0,12.0,12.0,12.0,14.0,13.0,13.0,13.0,13.0,13.0,13.0,14.0,14.0,13.0,13.0,14.0,14.0,14.0,1994
Sydney,12.0,13.0,15.0,9.0,14.0,14.0,15.0,15.0,14.0,15.0,15.0,15.0,15.0,15.0,15.0,15.0,15.0,15.0,15.0,15.0,15.0,15.0,15.0,15.0,1994
Essendon,10.0,12.0,13.0,10.0,11.0,10.0,11.0,8.0,7.0,5.0,3.0,6.0,4.0,3.0,7.0,6.0,3.0,2.0,1.0,1.0,2.0,1.0,,,1993
Carlton,9.0,11.0,9.0,9.0,6.0,9.0,5.0,10.0,10.0,10.0,7.0,5.0,5.0,4.0,3.0,3.0,4.0,3.0,2.0,4.0,3.0,2.0,,,1993
North Melbourne,5.0,6.0,5.0,3.0,1.0,1.0,1.0,2.0,1.0,1.0,1.0,1.0,1.0,1.0,1.0,1.0,2.0,4.0,4.0,3.0,1.0,3.0,,,1993
Hawthorn,2.0,2.0,3.0,8.0,10.0,5.0,4.0,5.0,5.0,2.0,4.0,2.0,3.0,2.0,2.0,2.0,1.0,1.0,5.0,6.0,5.0,4.0,,,1993
Adelaide,1.0,1.0,1.0,1.0,3.0,4.0,7.0,6.0,9.0,8.0,5.0,8.0,6.0,6.0,4.0,4.0,5.0,5.0,7.0,5.0,6.0,5.0,,,1993
West Coast,6.0,7.0,4.0,2.0,2.0,2.0,2.0,3.0,3.0,3.0,2.0,3.0,2.0,5.0,6.0,7.0,7.0,6.0,3.0,2.0,4.0,6.0,,,1993
Geelong,3.0,5.0,10.0,7.0,7.0,8.0,10.0,9.0,8.0,7.0,9.0,7.0,9.0,8.0,10.0,10.0,9.0,9.0,8.0,8.0,7.0,7.0,,,1993
Collingwood,4.0,3.0,2.0,5.0,5.0,3.0,3.0,1.0,2.0,4.0,6.0,4.0,8.0,7.0,5.0,5.0,6.0,7.0,6.0,7.0,8.0,8.0,,,1993
Footscray,12.0,8.0,7.0,6.0,4.0,7.0,9.0,7.0,6.0,9.0,10.0,9.0,7.0,9.0,8.0,8.0,10.0,10.0,10.0,10.0,10.0,9.0,,,1993
Melbourne,14.0,13.0,14.0,14.0,13.0,12.0,13.0,13.0,11.0,11.0,11.0,10.0,10.0,10.0,9.0,9.0,8.0,8.0,9.0,9.0,9.0,10.0,,,1993
Fitzroy,7.0,4.0,8.0,11.0,9.0,11.0,6.0,4.0,4.0,6.0,8.0,11.0,11.0,11.0,11.0,11.0,12.0,12.0,12.0,12.0,11.0,11.0,,,1993
St Kilda,13.0,9.0,6.0,4.0,8.0,6.0,8.0,11.0,13.0,13.0,12.0,13.0,12.0,12.0,12.0,12.0,11.0,11.0,11.0,11.0,12.0,12.0,,,1993
Brisbane Bears,11.0,14.0,11.0,13.0,14.0,13.0,14.0,12.0,12.0,12.0,14.0,14.0,14.0,14.0,14.0,14.0,14.0,14.0,14.0,13.0,13.0,13.0,,,1993
Richmond,15.0,10.0,12.0,12.0,12.0,14.0,12.0,14.0,14.0,14.0,13.0,12.0,13.0,13.0,13.0,13.0,13.0,13.0,13.0,14.0,14.0,14.0,,,1993
Sydney,8.0,15.0,15.0,15.0,15.0,15.0,15.0,15.0,15.0,15.0,15.0,15.0,15.0,15.0,15.0,15.0,15.0,15.0,15.0,15.0,15.0,15.0,,,1993
Geelong,13.0,11.0,11.0,5.0,5.0,4.0,3.0,1.0,1.0,3.0,2.0,2.0,2.0,1.0,1.0,1.0,1.0,1.0,2.0,2.0,1.0,1.0,1.0,1.0,1992
Footscray,2.0,4.0,3.0,3.0,2.0,1.0,1.0,2.0,2.0,1.0,1.0,1.0,1.0,2.0,2.0,2.0,2.0,3.0,3.0,1.0,2.0,3.0,2.0,2.0,1992
Collingwood,11.0,2.0,1.0,1.0,1.0,2.0,2.0,3.0,3.0,2.0,3.0,5.0,4.0,4.0,4.0,3.0,3.0,2.0,1.0,3.0,4.0,5.0,3.0,3.0,1992
West Coast,5.0,10.0,6.0,9.0,11.0,6.0,10.0,8.0,8.0,8.0,6.0,3.0,6.0,5.0,5.0,4.0,4.0,4.0,4.0,4.0,3.0,2.0,4.0,4.0,1992
Hawthorn,3.0,8.0,4.0,6.0,9.0,7.0,5.0,6.0,4.0,5.0,8.0,8.0,7.0,8.0,6.0,6.0,7.0,7.0,7.0,7.0,7.0,6.0,7.0,5.0,1992
St Kilda,4.0,9.0,13.0,7.0,4.0,8.0,6.0,5.0,5.0,4.0,7.0,4.0,3.0,3.0,3.0,5.0,5.0,5.0,5.0,5.0,6.0,7.0,6.0,6.0,1992
Carlton,1.0,5.0,2.0,2.0,3.0,3.0,4.0,4.0,7.0,6.0,4.0,6.0,5.0,6.0,7.0,7.0,6.0,6.0,6.0,6.0,5.0,4.0,5.0,7.0,1992
Essendon,12.0,13.0,12.0,15.0,10.0,9.0,7.0,11.0,11.0,11.0,9.0,9.0,9.0,9.0,9.0,9.0,8.0,8.0,8.0,8.0,8.0,8.0,8.0,8.0,1992
Adelaide,14.0,12.0,10.0,10.0,7.0,5.0,8.0,12.0,12.0,12.0,10.0,10.0,10.0,10.0,10.0,10.0,10.0,10.0,10.0,9.0,9.0,9.0,9.0,9.0,1992
Fitzroy,10.0,3.0,7.0,4.0,6.0,11.0,9.0,7.0,6.0,7.0,5.0,7.0,8.0,7.0,8.0,8.0,9.0,9.0,9.0,10.0,10.0,10.0,10.0,10.0,1992
Melbourne,9.0,6.0,8.0,11.0,14.0,14.0,13.0,13.0,14.0,13.0,14.0,14.0,14.0,14.0,14.0,13.0,13.0,12.0,11.0,11.0,11.0,11.0,11.0,11.0,1992
North Melbourne,8.0,1.0,5.0,8.0,13.0,10.0,12.0,10.0,10.0,10.0,12.0,12.0,13.0,11.0,12.0,11.0,11.0,11.0,12.0,12.0,12.0,12.0,12.0,12.0,1992
Richmond,7.0,15.0,15.0,14.0,15.0,15.0,15.0,15.0,13.0,14.0,13.0,13.0,12.0,13.0,11.0,12.0,12.0,13.0,13.0,13.0,13.0,13.0,14.0,13.0,1992
Brisbane Bears,15.0,14.0,14.0,13.0,12.0,13.0,14.0,14.0,15.0,15.0,15.0,15.0,15.0,15.0,15.0,15.0,15.0,15.0,15.0,15.0,15.0,15.0,13.0,14.0,1992
Sydney,6.0,7.0,9.0,12.0,8.0,12.0,11.0,9.0,9.0,9.0,11.0,11.0,11.0,12.0,13.0,14.0,14.0,14.0,14.0,14.0,14.0,14.0,15.0,15.0,1992
West Coast,1.0,1.0,1.0,1.0,1.0,1.0,1.0,1.0,1.0,1.0,1.0,1.0,1.0,1.0,1.0,1.0,1.0,1.0,1.0,1.0,1.0,1.0,1.0,1.0,1991
Hawthorn,14.0,9.0,7.0,4.0,7.0,5.0,7.0,5.0,5.0,3.0,6.0,7.0,6.0,6.0,5.0,4.0,3.0,3.0,3.0,3.0,2.0,3.0,2.0,2.0,1991
Geelong,7.0,4.0,3.0,2.0,2.0,3.0,4.0,6.0,6.0,7.0,7.0,4.0,4.0,4.0,2.0,2.0,2.0,2.0,2.0,2.0,3.0,2.0,3.0,3.0,1991
St Kilda,4.0,10.0,8.0,7.0,5.0,9.0,5.0,4.0,4.0,6.0,4.0,3.0,3.0,3.0,4.0,3.0,5.0,6.0,6.0,6.0,6.0,5.0,4.0,4.0,1991
Melbourne,15.0,7.0,10.0,8.0,6.0,4.0,3.0,3.0,2.0,4.0,5.0,6.0,7.0,9.0,8.0,9.0,7.0,7.0,7.0,7.0,8.0,8.0,7.0,5.0,1991
Essendon,9.0,5.0,4.0,3.0,3.0,2.0,2.0,2.0,3.0,2.0,2.0,2.0,2.0,2.0,3.0,5.0,6.0,4.0,5.0,4.0,4.0,4.0,5.0,6.0,1991
Collingwood,3.0,8.0,5.0,6.0,4.0,7.0,6.0,8.0,10.0,11.0,11.0,12.0,11.0,10.0,10.0,7.0,9.0,8.0,8.0,8.0,7.0,7.0,6.0,7.0,1991
North Melbourne,6.0,2.0,9.0,11.0,12.0,10.0,9.0,7.0,7.0,5.0,3.0,5.0,5.0,5.0,6.0,6.0,4.0,5.0,4.0,5.0,5.0,6.0,8.0,8.0,1991
Adelaide,2.0,6.0,6.0,9.0,10.0,8.0,11.0,12.0,12.0,9.0,10.0,10.0,8.0,7.0,9.0,10.0,8.0,9.0,9.0,9.0,9.0,9.0,9.0,9.0,1991
Footscray,13.0,13.0,14.0,12.0,9.0,11.0,10.0,11.0,9.0,10.0,8.0,9.0,9.0,11.0,11.0,11.0,11.0,11.0,10.0,11.0,10.0,10.0,10.0,10.0,1991
Carlton,10.0,3.0,2.0,5.0,8.0,6.0,8.0,10.0,8.0,8.0,9.0,8.0,10.0,8.0,7.0,8.0,10.0,10.0,11.0,10.0,11.0,11.0,11.0,11.0,1991
Sydney,5.0,14.0,12.0,10.0,11.0,13.0,12.0,9.0,11.0,12.0,12.0,13.0,12.0,12.0,12.0,12.0,13.0,12.0,12.0,12.0,12.0,12.0,12.0,12.0,1991
Richmond,12.0,11.0,11.0,13.0,13.0,12.0,13.0,13.0,13.0,13.0,13.0,11.0,13.0,13.0,13.0,13.0,12.0,13.0,13.0,13.0,13.0,13.0,13.0,13.0,1991
Fitzroy,8.0,15.0,15.0,15.0,15.0,15.0,15.0,15.0,15.0,14.0,14.0,14.0,14.0,14.0,15.0,15.0,15.0,15.0,15.0,15.0,15.0,15.0,15.0,14.0,1991
Brisbane Bears,11.0,12.0,13.0,14.0,14.0,14.0,14.0,14.0,14.0,15.0,15.0,15.0,15.0,15.0,14.0,14.0,14.0,14.0,14.0,14.0,14.0,14.0,14.0,15.0,1991
